frame,wall_ms,preprocess_ms,inference_ms,postprocess_ms,detections,fps_wall
0,18.41404800006785,1.7105590000028315,14.778409999962605,1.5339880001192796,9,54.30636435814196
1,17.667737000010675,1.9419449999986682,13.867304999848784,1.4691139999740699,9,56.60034445834211
2,17.49734800000624,1.53987299995606,14.1371849999814,1.50290200008385,9,57.151518047171685
3,17.516782000029707,1.5179999998053972,14.122239000016634,1.5556569999262138,9,57.08811127513627
4,17.16699000007793,1.550436999878002,13.783135000039692,1.5154350001012062,11,58.25133002322833
5,17.620051999983843,1.4615640000101848,14.25102700000025,1.5617729998211871,11,56.753521499307546
6,17.702288999998927,1.6346879999673547,14.157488999899215,1.5523480001320422,12,56.48986975639481
7,17.716479999990042,1.5036039999358763,14.372916999946028,1.5197469999748137,13,56.44462105342382
8,18.639121000205705,1.4782579999064183,14.162236999936795,2.6725210000222432,13,53.650598651565375
9,17.34684199982439,1.5784610000082466,13.944120000132898,1.4905140001246764,13,57.64738042867534
10,17.493567000201438,1.527387999885832,14.103931999898123,1.5443959998719947,12,57.16387058102473
11,17.66132500006279,1.4727580000908347,14.273957999876075,1.498115999993388,10,56.6208933925651
12,18.01337599999897,1.545248999946125,14.66668199986998,1.4878560000397556,12,55.514302260723206
13,17.41651199995431,1.5306719999443885,13.884889000109979,1.6200120001030882,12,57.416777825699164
14,17.780685999923662,1.6745630000514211,14.257958000143844,1.5311799998016795,12,56.240799708419196
15,17.237028999943504,1.514712000016516,13.944052999931955,1.4614080000683316,12,58.014638137655716
16,17.575859000089622,1.440900000034162,14.211180000074819,1.6049949999796809,12,56.89622339340005
17,17.6324259998637,1.5694089997850824,14.2262550000396,1.4954129999296129,13,56.71369328348408
18,17.153675999907136,1.5299570000024687,13.84651299986217,1.4490789999399567,13,58.29654238574948
19,17.26100399991992,1.5281710000181192,13.886613000067882,1.5346049999607203,12,57.934057602016615
20,19.032914000035817,1.4838479999070842,15.613011999903392,1.6073799999958283,12,52.54056210195235
21,17.461598999943817,1.5681499999118387,14.025252000010369,1.474366999900667,12,57.26852391944274
22,17.072168999902715,1.5334820000134641,13.75214099994082,1.4488970000456902,12,58.5748653264678
23,17.468520999955217,1.52400599995417,14.068164000036631,1.5555850000055216,12,57.24583094370517
24,17.40487500001109,1.52413599994361,13.967707000119844,1.579018000029464,12,57.45516701495201
25,17.264469999872745,1.6240960001141502,13.811308999947869,1.5148099998896214,12,57.922426811096486
26,17.362652999963757,1.4817250000760396,14.101552000056472,1.459285999999338,12,57.59488483713217
27,18.075471999964066,1.7023970001446287,14.439019000064945,1.5200640000330168,11,55.32358989032143
28,18.03922599992802,1.566034999996191,14.673103999939485,1.4550509999935457,12,55.43475091470056
29,17.362404999857972,1.5012149999620306,13.912155000070925,1.555114999973739,13,57.595707507582055
30,17.924970999956713,1.584506000199326,14.313256999912483,1.6673009999976784,12,55.78809583582673
31,18.103251999946224,1.5368720000878966,14.611239000032583,1.5959849999944709,11,55.238694130920265
32,17.626255999857676,1.5282270001080178,14.227165999955105,1.5390150001621805,11,56.733545683670684
33,17.860947000144733,1.5435880000040925,14.503835999903458,1.4834549999704905,11,55.988072748432465
34,17.632024000022284,1.5637169999536127,14.324218999945515,1.4078209999297542,12,56.714986322542224
35,17.351964999988923,1.5145110000958084,14.04114800016032,1.4671349999844097,12,57.63036059608456
36,17.117891999987478,1.4825180001025728,13.833252000040375,1.496687000098973,12,58.418408061035294
37,17.656916000078127,1.6365389999464242,14.14939799997228,1.4974210000673338,12,56.63503184789322
38,17.258316000152263,1.578808999965986,13.803953999968144,1.5423259999352013,12,57.94308088872503
39,17.362040000080015,1.4867219999814552,14.11007999990943,1.4463039999554894,13,57.59691833421599
40,18.02361899990501,1.6697809999186575,14.419250999935684,1.5748060000078112,11,55.48275293686969
41,17.56778799995118,1.5719170000920712,14.207991999910519,1.4786369999910676,11,56.92236267894279
42,17.268265999973664,1.473683999847708,13.858188000085647,1.5662790001442772,11,57.90969400179063
43,17.56837099992481,1.5435639998031547,14.159109000047465,1.5357990000666177,10,56.92047373113192
44,17.805785999826185,1.5976969998519053,14.306488000102036,1.4859630000501056,10,56.1615196324252
45,17.49716100016485,1.523493999911807,14.116670000021259,1.5212490000067191,11,57.152128850536286
46,17.590374000064912,1.5029940000204078,14.248244000100385,1.5101369999683811,10,56.84927449503403
47,17.521768000051452,1.6112970001813665,14.051425000161544,1.5217170000596525,11,57.07186626355648
48,17.503079999869442,1.539666000098805,14.155358999914824,1.4922450000085519,10,57.13280177017183
49,17.17953899992608,1.496739999993224,13.878728999998202,1.4650279999841587,13,58.2087796421256
50,17.649996000045576,1.5261409998856834,14.312714999960008,1.4891899998019653,13,56.657236636054634
51,17.502334000027986,1.5249620000759023,14.11868099989988,1.5373430001091037,13,57.13523693459404
52,17.16731700003038,1.5033100000891864,13.918267999997624,1.4379269998698874,12,58.25022046241882
53,17.585871999926894,1.474967999911314,14.337543000010555,1.4698649999900226,12,56.86382796395635
54,17.371692000097028,1.518639999858351,14.053350000040155,1.4984199999616976,12,57.5649165317008
55,17.720235000069806,1.472440000043207,14.38826200001131,1.536936000093192,11,56.43266017612411
56,17.780089999860138,1.5827400000034686,14.347137999948245,1.5109010000742273,12,56.242684936232955
57,17.308988999957364,1.5221569999539497,14.017821999914304,1.4549550000992895,13,57.77344939109172
58,17.50003100005415,1.529944000139949,14.086163999991186,1.5316229998916242,14,57.14275591836984
59,17.821244000060688,1.6110120000121242,14.302829000143902,1.5432979998877272,13,56.11280559295382
60,18.0558160000146,1.5332410000610253,14.586549000114246,1.603159999831405,13,55.383816494319134
61,18.007044000114547,1.5845469999931083,14.415802000030453,1.6567059999488265,13,55.53382331900998
62,17.906911000181935,1.5329779998864979,14.469150999957492,1.5615929999057698,13,55.844360872170526
63,17.469471000140402,1.6679410000506323,14.098508999950354,1.3853189998371818,13,57.24271788149527
64,16.88799600015045,1.4173859999573324,13.805114999968282,1.3738510001530813,13,59.21365684780427
65,16.928369999959614,1.4914630000930629,13.801557000078901,1.3580699999238277,12,59.072432845122464
66,17.183705000206828,1.4201640001374471,14.02031500015255,1.4608070000576845,12,58.19466756371596
67,17.611217999956352,1.5699660000336735,14.240414999903805,1.4379670001289924,12,56.78198975235435
68,17.179728999963118,1.452235999977347,13.984175999894433,1.4322089998586307,12,58.2081358793347
69,17.387409999855663,1.5434130000357982,14.178778000086822,1.376625000148124,13,57.51287857181151
70,17.675306999990426,1.5947599999890372,14.35992200003966,1.434569999901214,12,56.576103600381124
71,17.442354999957388,1.4538709999669663,14.170258999911312,1.5194179998161417,13,57.33170778845191
72,18.3334719999948,1.505442000052426,14.788160000080097,1.7157849999875907,12,54.54504198660699
73,17.95654900001864,1.6954769998847041,14.394106000054308,1.5178500000274653,12,55.68998809286584
74,19.65411200012568,1.8000770000980992,15.871435000008205,1.5570549999210925,12,50.8799379994174
75,17.39759499992033,1.5203940001811134,14.120796000042901,1.4516530000037164,12,57.479209051859144
76,17.816937999896254,1.6198530001929612,14.317353000024013,1.5677439998853515,13,56.12636694396214
77,17.6158189999569,1.605066999900373,14.069711000047391,1.5744729998914408,13,56.767159108665155
78,17.676218000133304,1.6299989999879472,14.201468999999634,1.5257779998592014,12,56.57318777084887
79,18.417744000089442,1.4837779999652412,15.078614999993079,1.5450269997927535,12,54.29546637173063
80,17.580129999942073,1.5101810001851845,14.270350000060716,1.4619959999890852,13,56.88240075604077
81,17.77681900011885,1.5212180001071829,14.157119999936185,1.7379820001224289,12,56.25303379605285
82,17.714643999852342,1.5321870000661875,14.41257500005122,1.4225669999632373,12,56.450471147392825
83,17.850589999852673,1.5715430001819186,14.298751000069387,1.5717599999334197,12,56.020557304170524
84,17.87364599999819,1.6432159998203133,14.354399000012563,1.4896299999236362,11,55.948293929515074
85,17.312527000058253,1.4873699999498058,13.985618999868166,1.5161930000431312,10,57.761642768651576
86,17.402253999989625,1.6057709999586223,13.962111999944682,1.4995049998560717,10,57.463820491333834
87,18.069628999910492,1.7004950000227836,14.579871000023559,1.4787229999910778,11,55.3414793411062
88,17.79425099994114,1.4763359999960812,14.378896999915014,1.5832439999030612,10,56.197925948291264
89,17.98899400000664,1.5896859999884327,14.486163999890778,1.5911870000309136,12,55.589545474284485
90,18.162814999868715,1.569339999832664,14.675442999987354,1.528116000145019,13,55.057544769752276
91,17.706124999904205,1.5098660001058306,14.360349000071437,1.483585999949355,11,56.47763132844766
92,17.899717999853237,1.6576979999172181,14.4148370000039,1.501962000020285,11,55.86680192437664
93,17.4106340000435,1.5086549999523413,14.064484000073207,1.4984360000198649,12,57.436162290098196
94,17.448381999884077,1.5336060000663565,14.119597999979305,1.4829790000021603,12,57.31190433626704
95,17.6209060000474,1.5519559999574994,14.156443999809198,1.5594559999954072,12,56.750770930695055
96,17.384102000050916,1.5695970000706438,13.940679999905115,1.5260630000284436,12,57.52382262811568
97,18.108880999989196,1.5186789999006578,14.771142000199688,1.50530200016874,14,55.22152362703121
98,17.32485699994868,1.4793170000757527,14.034385000059046,1.4650299999630079,14,57.72053414368513
99,17.487936999941667,1.538480000135678,14.162260999910359,1.4737520000380755,15,57.18227370119961
100,16.986352000003535,1.4810840000336611,13.705702000152087,1.4711809999425896,13,58.87079226898111
101,17.203568000013547,1.4887439999711205,13.922631000014007,1.4887869999711256,12,58.127476811741175
102,17.171808999819405,1.4824980000867072,13.912981999965268,1.4518420000513288,12,58.23498269812557
103,17.384104000029765,1.4622880000842997,13.966770000024553,1.5844950000882818,13,57.52381601020609
104,17.04277299995738,1.5380979998553812,13.749123000025065,1.4399479998701281,13,58.67589740252369
105,18.528346000039164,1.5716769999016833,15.058898000006593,1.567013000112638,11,53.9713582635971
106,17.68991999983882,1.6457279998576269,13.914726999928462,1.7988239999340294,12,56.529368137849765
107,17.507109000007404,1.529136000044673,14.15683799996259,1.4859300001717202,11,57.1196535075881
108,17.57517300006839,1.4832580000074813,14.2834219998349,1.4864349998333637,11,56.898444185790304
109,17.240697000033833,1.5353430001141533,13.856336000117153,1.5184139999746549,11,58.00229538272366
110,17.198028000166232,1.447555999902761,13.937490999978763,1.4986849998877005,12,58.1462014127628
111,17.15566199982277,1.58335499986606,13.691434999827834,1.4775419999750738,13,58.28979377247761
112,17.72173299991664,1.6115209998588398,14.213642000186155,1.5666660001443233,13,56.427889981454065
113,17.19237699990117,1.4877739999974438,13.85560600010649,1.5349560001141072,12,58.165313615781486
114,17.482194999956846,1.5366600000561448,14.086320000160413,1.5283099999123806,12,57.201055130804136
115,17.617792000010013,1.789576999954079,13.99564600001213,1.4923199998975178,12,56.76080180759494
116,17.84538199990493,1.5850969998609798,14.370584000062081,1.5250980000018899,12,56.036906355119065
117,17.637523000075817,1.5247449998696538,14.20087900010003,1.5709289998540044,12,56.69730381050113
118,18.214260999911858,1.59774999997353,14.752957999917271,1.5188480001597782,12,54.902035279105704
119,17.647847000034744,1.4818399999967369,14.200321000089389,1.5814380001302197,12,56.66413585736726
120,17.869657000119332,1.5568369999527931,14.520016000005853,1.4638709999417188,12,55.96078313049445
121,17.51659199999267,1.5386479999506264,14.113518000158365,1.51822800012269,12,57.088730501938876
122,17.816412000001947,1.5995759999896109,14.17191699988507,1.7362859998684144,12,56.12802398147791
123,17.33667600001354,1.5177569998741092,14.053922999892166,1.4292749999640364,13,57.68118409776009
124,17.164408000098774,1.4931519999663578,13.934777000031318,1.4315589999114309,12,58.260092628551206
125,17.100666000033016,1.4860759999919537,13.88091099988742,1.4229619998786802,12,58.47725462844952
126,17.987124999990556,1.5287999999600288,14.497434999839243,1.588939999919603,12,55.595321653712034
127,20.10864300018511,2.069892000008622,16.176293999933478,1.5190320000328938,12,49.72985994086197
128,17.70019700006742,1.5274320001026354,14.273154999955295,1.5685169998960191,12,56.4965463376589
129,17.634578000070178,1.5233500000704225,14.190240000061749,1.5632459999324055,12,56.70677234215758
130,17.567087000088577,1.4906260000770999,14.258816999927149,1.505786000052467,12,56.92463411805029
131,18.630791000077807,1.6002600000319944,15.186594999931913,1.5080939999734255,12,53.67458633376456
132,17.198602999997092,1.4988290001838322,13.82370299984359,1.4953610000247863,13,58.14425741440564
133,17.299641999898085,1.5020880000520265,13.981260000036855,1.493488000051002,14,57.80466439744193
134,17.436210000141728,1.4910209999925428,14.093773000013243,1.4766560000225581,14,57.35191305862178
135,17.171787000052063,1.5350680000665307,13.84611200001018,1.4547220000622474,14,58.23505730632275
136,17.53181900016898,1.48039400005473,14.145613999971829,1.5627140001015505,13,57.039146935658046
137,17.438411000057386,1.549133000025904,14.056205999850135,1.4777080000385467,13,57.34467435116131
138,17.543302999911248,1.5643480001017451,14.198452000073303,1.4582230000996788,12,57.00180861067377
139,17.358099999910337,1.4914579999185662,14.096168999913061,1.4555800000835006,13,57.60999187728873
140,17.726685000070574,1.5317780000714265,14.340034000042579,1.5312739999444602,13,56.41212668900128
141,17.715361000000485,1.6993790000014997,14.141982999944958,1.5324680000503577,14,56.448186407263876
142,17.688547000034305,1.6006930000003194,14.235744999950839,1.5323009999974602,13,56.53375599465918
143,18.31758600019384,1.5221619999010727,14.913314000068567,1.53301599993938,12,54.59234639266428
144,17.459573999985878,1.4996299998983886,14.16242000004786,1.4804200000071432,13,57.27516604934398
145,17.554476999976032,1.6195470000184287,14.159059999883539,1.4571720000731148,12,56.96552509091358
146,17.341364000003523,1.5035940000416304,14.116780999984258,1.4033679999556625,12,57.665590780505894
147,17.403374999958032,1.4686429999528627,14.055341999892335,1.5744150000500667,12,57.460119086235366
148,17.631730000175594,1.5421330001572642,14.228940000066359,1.5297209999971528,12,56.71593201518178
149,17.720914999927118,1.5436210001098516,14.370257000109632,1.4816000000337226,11,56.430494700985406
150,17.816839000033724,1.5186339999218035,14.362727000161613,1.6009570001642714,10,56.12667881199955
151,17.42533500009813,1.5464880000308767,14.070269000058033,1.4792919998853904,11,57.387705888831896
152,17.083367000168437,1.483970999970552,13.844962999883137,1.4475729999503528,11,58.53647000559903
153,17.231981000122687,1.543276999882437,13.913643000023512,1.4673769999262731,11,58.03163315888523
154,17.102194000017334,1.454150999961712,13.806995999857463,1.4539619999140996,11,58.47202996287999
155,17.590557999938028,1.4908919999925274,14.335363999862238,1.4532370000779338,11,56.84867984310237
156,16.910482999946908,1.488896000182649,13.631370999974024,1.4711680000800698,12,59.13491648956092
157,17.458204999911686,1.4877930000238848,14.217814999938128,1.438021000012668,11,57.27965733046774
158,17.172719999962283,1.4919360000931192,13.915758999928585,1.4353720000599424,11,58.23189337520185
159,17.084838999835483,1.5225240001655038,13.789431999839508,1.4540280001256178,11,58.53142660633966
160,17.762925999932122,1.6376799999306968,14.245170000094731,1.5373769999769138,12,56.29703124382893
161,17.263057999798548,1.5034120001473639,13.895564999984344,1.5225619999910123,12,57.927164469450865
162,17.32729900004415,1.4740789999905246,14.034632999937457,1.4843150001979666,13,57.71239937612042
163,17.468524000150865,1.568045999874812,14.112306000015451,1.4709049999055424,14,57.24582111181023
164,16.85353700008818,1.4485079998394212,13.626396000063323,1.4558109999143198,14,59.33472599815504
165,17.344327000046178,1.519555999948352,13.961394000034488,1.5513839998675394,12,57.65573953935126
166,17.443621999973402,1.4925059999768564,14.124706000075093,1.510320000079446,11,57.32754355726837
167,17.71202099985203,1.5220440000121016,14.327825000009398,1.550193999946714,13,56.458830983113344
168,17.768041999943307,1.5802570001142158,14.391036000006352,1.4516870000989002,11,56.28082148855742
169,17.810391000011805,1.5711400001237052,14.37514199983525,1.550542000131827,11,56.146998681799694
170,17.909249000013006,1.658380999970177,14.415482000003976,1.5202259999114176,11,55.83707055495592
171,17.008694000196556,1.4935309998236335,13.756862000036563,1.4546039999459026,11,58.79346174306174
172,17.444127000089793,1.4855420001822495,14.140494000002946,1.4891139999235747,11,57.3258839490708
173,17.394294999803606,1.4844459999494575,14.059004000046116,1.5415249999932712,11,57.490113856945094
174,17.476819999956206,1.4800679998643318,14.209804000074655,1.4592699999411707,11,57.21864732843308
175,17.360503999952925,1.5586259999054164,13.989910999953281,1.4698009999847272,11,57.60201431955614
176,17.414917999985846,1.5250199999172764,14.053863000071942,1.5172389998951985,11,57.42203322466478
177,17.503153000006932,1.5490289999888773,14.152377000073102,1.492571999961001,12,57.132563487253066
178,17.4769960001413,1.6136869999172632,14.033810999990237,1.485004999949524,10,57.21807111427589
179,19.432350999977643,1.6850719998728891,15.631096999868532,1.7217520000940567,9,51.46057726114305
180,21.424878999823704,1.6413769999417127,17.80597300012232,1.6404269999839016,12,46.67470934179971
181,17.554448000055345,1.5127870001379051,14.23594800007777,1.480064999896058,12,56.96561919787209
182,17.91230200001337,1.6013750000638538,14.317489999939426,1.6081569999641943,12,55.827553599713404
183,19.11143400002402,1.5479510000204755,15.485963999935848,1.669933000130186,12,52.324697351268526
184,17.904246999933093,1.6353409998828283,14.327611999988221,1.5966479998041905,11,55.852670039892594
185,17.100088000006508,1.4983569999458268,13.839036000035776,1.4280840000537864,10,58.47923121796914
186,17.47763000003033,1.522201999932804,14.07378199996856,1.5669719998641085,10,57.21599553247577
187,17.401071999984197,1.5810419999979786,13.83797800008324,1.6335919999619364,10,57.46772382764166
188,17.32949799998096,1.4870200000132172,13.989439000170023,1.5418440000303235,10,57.70507605016018
189,16.892649999817877,1.4900260000558774,13.610583999934533,1.450141000077565,10,59.19734322387436
190,17.41383099988525,1.5536710000105813,13.908258000128626,1.581031000114308,10,57.425617602846245
191,17.122733999940465,1.5046020000681892,13.858574000096269,1.4419889998862345,10,58.40188839022302
192,17.082073999972636,1.5004930000941386,13.814347000106864,1.4418999999179505,9,58.54090082981738
193,17.168517000072825,1.5125690001696057,13.843403000009857,1.4550729999882606,8,58.24614904104753
194,17.58232399993176,1.6082330000699585,14.1118760000154,1.539276000130485,8,56.875302719019466
195,17.152341000155502,1.4690240000163612,13.824151000108031,1.546165999798177,8,58.30107971797751
196,17.67505800012259,1.474138000048697,14.186484999981985,1.6913720000957255,10,56.576900624205265
197,17.838946999972904,1.6474389999530104,14.2398329999196,1.5731110001979687,8,56.05712041195699
198,18.342034000170315,1.8411989999549405,14.655163000043103,1.4678649999950721,10,54.51958054328732
199,17.06450599999698,1.4773099999274564,13.815107999789689,1.4545629999247467,10,58.601168999570035
200,17.33882700000322,1.469928999995318,14.020345999824713,1.5225850002025254,10,57.674028352656975
201,17.560131999971418,1.4862970001559006,14.214608999964184,1.553007999973488,11,56.94718012379563
202,17.515289000129997,1.4438130001508398,14.173815000049217,1.5403980000883166,11,57.0929774548726
203,17.399697999962882,1.6137140000864747,13.927905000173268,1.515363999942565,11,57.47226187501261
204,17.255540999940422,1.4806950000547658,13.967837999871335,1.4857419998861587,10,57.952399174471125
205,17.28319900007591,1.4800240001022757,14.063295000141807,1.426247000154035,10,57.859658966815566
206,19.380872000056115,1.5226760001496586,16.022535000047355,1.5234800000598625,10,51.597265592441076
207,17.511440999896877,1.4930800000456657,14.131213999917236,1.5212330001759256,10,57.10552318372251
208,17.627897000011217,1.7103529999076272,14.036654000165072,1.5604230000008101,10,56.728264296039605
209,17.590547000054357,1.4959139998609317,14.246474000174203,1.4982610000515706,11,56.84871539224504
210,17.608375999998316,1.5811229998234921,14.073370000005525,1.6050190001806186,9,56.791154391529105
211,17.539473999931943,1.5385149999929126,14.082540999879711,1.5627839998160198,9,57.014252537098905
212,17.52931900000476,1.5425620001678908,14.159288999962882,1.4931480000086594,9,57.04728175690843
213,17.960055000003194,1.5100620000794152,14.486659999874973,1.6078390001439402,9,55.679116795567836
214,17.80215100006899,1.5245940001022973,14.37124899985065,1.5507160001106968,9,56.17298718543196
215,17.420745999970677,1.5153570000165928,14.095755999960602,1.4727309999216232,10,57.40282304797299
216,17.456407999816292,1.5732179999758955,14.043762000028437,1.498339000136184,10,57.28555382129724
217,17.2862009999335,1.4994470000146976,13.91522799985978,1.5419569999721716,10,57.84961079671856
218,17.56072100010897,1.5263640000284795,14.200349000020651,1.480944999912026,10,56.945270071416466
219,17.685098999891125,1.5516920000209211,14.231279999876278,1.5709809999862046,12,56.544778177727835
220,17.527822999909404,1.5363060001618578,14.068623999946794,1.5773220000028232,12,57.05215074371579
221,17.754171999968094,1.5483310000945494,14.24606299997322,1.6182469998966553,12,56.32478946367068
222,18.178941000087434,1.5674329999910697,14.64418199998363,1.5740470000764617,12,55.008704852234814
223,18.435947000170927,1.5762030000132654,14.86321999982465,1.6558889999487292,12,54.24185695428223
224,18.40357200012477,1.6252259999873786,14.812324000104127,1.6089329999431357,12,54.33727756726903
225,18.423559999973804,1.5555310001218459,14.777423999930761,1.662727000166342,12,54.278326230186885
226,18.663881000065885,1.6774579999037087,14.97966500005532,1.6511699998318363,12,53.5794243435473
227,17.78680899997198,1.5376750000086759,14.405693999833602,1.5215159999115713,12,56.221439157612544
228,17.668598000000202,1.542978000088624,14.164922999952978,1.6204440000819886,12,56.597586294056185
229,17.8068349998739,1.6407089999574964,14.269799999965471,1.5565200001219637,12,56.15821115920272
230,18.095854999955918,1.6942720001225098,14.50554000007287,1.536601999987397,12,55.261273921703946
231,17.855818000043655,1.659148000044297,14.217730000154916,1.5971010000157548,12,56.00415506013531
232,17.888820000052874,1.5967469998940942,14.425615999925867,1.5301569999337516,12,55.90083638814882
233,20.31010799987598,1.5562080000108836,16.816393999988577,1.600939999889306,11,49.23656732923854
234,18.45207999986087,1.6151859999808948,14.929338000001735,1.559742999916125,10,54.19443228121383
235,18.64461700006359,1.764413000046261,14.937243000076705,1.6068350000750797,12,53.63478370172953
236,18.201994000037303,1.559073999942484,14.752240999996502,1.549657999930787,12,54.939035800031064
237,17.994285000213495,1.6975669998373633,14.379039000004923,1.5712219999386434,12,55.57320004591099
238,17.724983999869437,1.5371079998658388,14.285818999951516,1.5709020001395402,12,56.41754034911208
239,20.53934700006721,1.6793049999250798,16.30710899985388,1.5656469997793465,11,48.687039563464594
240,17.960317999950348,1.6163959999175859,14.453286999923876,1.530107999997199,10,55.67830146452666
241,19.218523999825265,1.5594960000271385,15.34386599996651,1.97060400000737,11,52.033132201468334
242,18.764120000014373,1.6938830001436145,15.057056000159719,1.5893709999090788,11,53.29320000081187
243,18.294104000005973,1.6010200001801422,14.595670000062455,1.717052000003605,11,54.662420198314905
244,18.30079499995918,1.604167000095913,14.806735000092885,1.542691999929957,12,54.642434932593396
245,18.117689999826325,1.5569659999528085,14.501925000104166,1.6822069999307132,12,55.19467437678787
246,18.567105000101947,1.6255819998605148,15.031068999860508,1.5467000000626285,12,53.85869256378468
247,18.05081199995584,1.5456909998192714,14.53994700000294,1.5580809999846679,12,55.39916985465509
248,18.570767999790405,1.5290720000393776,14.615655999932642,2.0093699999961245,12,53.84806918116075
249,18.48747999997613,1.6519220000645873,14.738597000132359,1.7085729998598254,12,54.090660273941666
250,18.107239000073605,1.5994899999896006,14.395549999790092,1.751523999928395,12,55.22653122300617
251,19.175538000126835,1.868042000069181,15.297588000066753,1.5441100001680752,11,52.149775406217316
252,18.230170999913753,1.6016390000004321,14.657775999921796,1.615135000065493,10,54.85412067745997
253,19.078575000094133,1.7626730000301905,15.230992999931914,1.6626139999971201,10,52.41481609580726
254,18.35928400009834,1.6049859998474858,14.75159699998585,1.6403909999098687,10,54.468355083708246
255,18.062707999888516,1.6389120000894764,14.388828000164722,1.6001589999632415,10,55.362684266731875
256,17.984256999852732,1.619550999976127,14.405171000134942,1.6168629999810946,11,55.60418759630652
257,18.308122000007643,1.6820520002056583,14.640552000173557,1.5927970000575442,10,54.62056676264133
258,18.239190000031158,1.6371510000681155,14.562625000053231,1.6794390000995918,10,54.8269961548891
259,17.780397000024095,1.5544610000688408,14.19718399984049,1.614728999811632,10,56.24171383792189
260,18.04505099994458,1.5146609998737404,14.553054000089105,1.5606960000695835,10,55.41685640029897
261,18.263212999954703,1.63465300011012,14.704897999990862,1.556481000079657,10,54.754878016397235
262,18.44523900012973,1.619531999949686,14.909314999840717,1.562318999958734,11,54.214531998905876
263,18.12575500002822,1.6116499998588552,14.528234999943379,1.6459519999898475,11,55.170115672337126
264,17.936934999852383,1.584612999977253,14.460616999940612,1.5050300000893913,10,55.7508849760692
265,18.323655999893163,1.5409370000725175,14.736625999830721,1.6816299998936302,11,54.574261817938
266,17.860876999975517,1.6320019999511715,14.312574000086897,1.5743689998544141,11,55.988292176323185
267,18.040186000007452,1.6468700000586978,14.479983999990509,1.5671060000386206,10,55.43180098029959
268,18.358007999950132,1.6255420000561571,14.837948999911532,1.566878999938126,11,54.4721409862506
269,18.139837000035186,1.5886930000306165,14.650007000000187,1.5259679998962383,11,55.12728697606601
270,18.2496979998632,1.6142130000389443,14.755745000002207,1.5522609999152337,11,54.79542730008441
271,17.8555040001811,1.5940809998937766,14.349264999964362,1.5638810000382364,11,56.00513992715398
272,17.98137300011149,1.5169199998581462,14.599271999941266,1.5069280000261642,11,55.61310585091582
273,18.067636000068887,1.52301000002808,14.682161999871823,1.534480000145777,11,55.347583933846536
274,17.441304000158198,1.549801999999545,14.037713000107033,1.5249160001076234,12,57.335162553839425
275,18.044373000066116,1.5277119998700073,14.623095999922953,1.547495999830062,9,55.418938635126636
276,18.028566999873874,1.606748000085645,14.466765999941344,1.605148999942685,9,55.467525511428384
277,18.757269000161614,1.641830999915328,15.092600000116363,1.60608900000625,9,53.31266507887603
278,18.25571100016532,1.6032349999477447,14.649168000005375,1.6274889999294828,9,54.77737897970362
279,18.53947400013567,1.7391740000221034,14.781789000153367,1.654491000181224,10,53.93896288496006
280,18.017963999909625,1.6532980000647512,14.47731100006422,1.5516549999574636,9,55.50016638977721
281,18.035335999911695,1.6496390001066175,14.48587699997006,1.5575180000269029,9,55.446707508243605
282,18.119910999985223,1.560938000011447,14.561284999899726,1.5952680000737018,9,55.18790903558056
283,18.45390599987695,1.599647999910303,14.793420999922091,1.6208029999233986,9,54.18906978320297
284,20.30717000002369,1.6286099998978898,16.749231999938274,1.5781749998495798,9,49.24369077517121
285,19.601853000040137,1.649402000111877,15.993584999932864,1.6083020000223769,8,51.015585108099344
286,18.073907000143663,1.6596020000179124,14.497377999987293,1.5746970000236615,9,55.32838029940352
287,17.942557999958808,1.5424219998294575,14.463237999962075,1.5737680000711407,9,55.73341326260702
288,18.246736000037345,1.5881630001786107,14.627563000203736,1.6890510000848735,9,54.80432226333265
289,18.20658499991623,1.6401450000103068,14.649544999883801,1.5729579999970156,9,54.925182290067085
290,17.56737100004102,1.5142120000746218,14.209894000032364,1.4740109998001572,9,56.92371385551458
291,17.660741999861784,1.5769679998811625,14.27186699993399,1.479713000207994,9,56.62276250951552
292,17.243922000034217,1.4795089998642652,13.929760000110036,1.4940250000563537,9,57.991447653150814
293,17.618611999978384,1.5406469999561523,14.209595000011177,1.507936000052723,8,56.758160063983865
294,18.046555999944758,1.5450070000042615,14.661407000176041,1.514413999984754,7,55.41223488864363
295,17.656349999924714,1.5125219999845285,14.166664000185847,1.6480150000006688,7,56.636847366769686
296,18.282780999925308,1.5545629998996446,14.823834000026181,1.56027200000608,7,54.69627405174767
297,18.564420000075188,1.682991999814476,14.816994000057093,1.696172000038132,7,53.86648222761335
298,18.612225999959264,1.6968859999906272,14.983864999976504,1.5740000001187582,8,53.72812472845476
299,18.59303900005216,1.662816000134626,14.907441000104882,1.6526389999853563,8,53.783569216263935
300,19.255659999998898,1.6116120000333467,15.666170000031343,1.6079790000276262,8,51.93278236113731
301,18.39888500012421,1.5863139999510167,14.893144999859942,1.5518289999363333,7,54.35111964628558
302,18.324423999956707,1.6215030000239494,14.750506000154928,1.5893669999513804,7,54.57197454077479
303,18.251352000106635,1.5681830000175978,14.7122240000499,1.6086299999642506,6,54.79046155014475
304,18.245949999936784,1.6183080001610506,14.622622999922896,1.6315860000304383,6,54.806683127130384
305,18.423796999968545,1.578753999865512,14.90948099990419,1.591715000131444,6,54.27762800478681
306,18.602665000116758,1.6493949999585311,14.886906000128874,1.6876120000688388,7,53.75573876074872
307,18.076560000054087,1.6774670000359038,14.450373000045147,1.5383380000457691,6,55.320260049312914
308,18.50457099999403,1.6236039998602791,14.903774999993402,1.5856480001730233,6,54.04070161909307
309,18.561522000027253,1.6399409998939518,14.902784000014435,1.588521000030596,6,53.87489237135466
310,18.95175000004201,1.646701000026951,15.332735999891156,1.5972099999999045,5,52.76557573827131
311,18.598434999830715,1.6895839999051532,14.9096710001686,1.5826030000880564,5,53.767964885706895
312,17.989873000033185,1.550701000041954,14.44963100016139,1.630285000146614,5,55.58682932326178
313,17.943629000001238,1.6254360000402812,14.407375000018874,1.5704760000971874,6,55.73008670653696
314,18.076672999995935,1.538179999897693,14.634834999924351,1.5659659998163988,6,55.319914234230204
315,18.250191999868548,1.6294930001095054,14.653225000074599,1.6022480001538497,6,54.79394408602401
316,17.958262000092873,1.6236839999237418,14.509105000115596,1.4746180002020992,6,55.6846759444109
317,17.885812000031365,1.5899679999620275,14.402399000118749,1.4911820001088927,7,55.91023767879515
318,17.89769099991645,1.5618850000009843,14.542198000071949,1.4764729999114934,7,55.87312910948503
319,17.960483000024396,1.4844190000076196,14.461607999919579,1.675212999998621,9,55.67778995690938
320,17.948527000044123,1.5464410000731732,14.520867000101134,1.5546469999208057,9,55.71487844086268
321,18.004438000161826,1.6647890001877386,14.434925999921688,1.5446539998720255,9,55.541861400562006
322,18.517503999873952,1.5770249999604857,14.765027000066766,1.8110470000465284,8,54.002958498445956
323,18.087819000129457,1.6132499999912397,14.602826999862373,1.5291350000552484,7,55.285825228173884
324,17.808568999953422,1.5294590000394237,14.413083999897935,1.5195540001968766,7,56.15274309814649
325,18.08689199992841,1.5357849999872997,14.635757999940324,1.5851279999878898,7,55.2886587703381
326,18.04351900000256,1.6087370001969248,14.528960000006919,1.567663000059838,7,55.421561614442176
327,17.826886999955605,1.5412160000778385,14.413770000146542,1.504766000152813,8,56.0950434028381
328,18.446212000071682,1.5827180000087537,14.909894000084023,1.5879060001680045,8,54.21167229326617
329,18.52321799992751,1.603652000085276,14.990540999860968,1.5761350000502716,8,53.98629978894129
330,18.645675000016126,1.653421000128219,14.985005999960777,1.6510000000380387,8,53.6317403365196
331,18.23030899981859,1.6171279999070975,14.565184000048248,1.585098999839829,8,54.85370544240095
332,18.37153400015268,1.5665969999645313,14.871306000031836,1.5856669999720907,8,54.43203599610623
333,18.43756600010238,1.5762709999762592,14.774416000136625,1.628159999881973,8,54.23709398488104
334,18.046586000082243,1.6238240000348014,14.477794999947946,1.5902830000413815,8,55.412142772901355
335,20.808525000120426,1.6552469999169261,17.011127999921882,1.7051810000339174,8,48.05722654509211
336,17.975756999931036,1.5444560001469654,14.481177000106982,1.5614000001278328,7,55.63048054131108
337,17.70304000001488,1.6734309999719699,14.119606999884127,1.5449990000888647,7,56.487473337865104
338,18.36601100012558,1.5805120001459727,14.716754000119181,1.7106419998071942,7,54.44840471854026
339,17.955569000150717,1.525420000007216,14.578168999832997,1.5185659999588097,7,55.69302760561952
340,18.19056200019986,1.5729750000446074,14.681891000009273,1.6004630001589248,7,54.97356266337527
341,18.70463800014477,1.6622250000182248,15.082957999993596,1.5905640000255516,7,53.462675941243035
342,18.34456999995382,1.6288099998291727,14.767665999897872,1.5796239999872341,7,54.51204361849405
343,21.967031000031056,1.546114999882775,18.402946999913183,1.6828980001264426,7,45.52276545695166
344,18.798754000044937,1.7923489999702724,15.094129000090106,1.5554199999314733,7,53.19501494607619
345,18.31088899984934,1.5921369999887247,14.646536000100241,1.6798390001895314,7,54.61231292528877
346,18.036159999837764,1.6670450002038706,14.4453389998489,1.5492610000364948,7,55.444174370209346
347,19.863743000087197,1.9608430000062071,15.926012999898376,1.5521020000051067,7,50.34297916538742
348,19.528978999915125,1.6684859999713808,15.974385000163238,1.5205489999061683,7,51.205953982763056
349,18.000145000087286,1.5985730001375487,14.4361420000223,1.5745979999337578,7,55.55510802802704
350,17.811625000149434,1.5885420000358863,14.331991000062771,1.5424830000938528,7,56.14310878382014
351,18.673839000030057,1.5309000000343076,15.22356899999977,1.5472290001525835,7,53.55085261249122
352,17.695594999850073,1.57258199988064,14.24414500002058,1.5184100000169565,7,56.511239096988405
353,17.523244000130944,1.5899219999937486,14.081090999980006,1.5104460001111875,6,57.067059044120334
354,18.03223000001708,1.5962140000738145,14.484759999959351,1.5858729998399212,7,55.4562580445709
355,17.86001599998599,1.5688579999277863,14.413278999882095,1.5244599999277852,7,55.99099127351199
356,18.425798000180293,1.5630670000064129,14.915845999894373,1.591325000163124,7,54.271733576489616
357,17.94883899992783,1.6586159999860683,14.39633099994353,1.5440880001733603,5,55.71390996398268
358,17.77366900000743,1.6464400000586465,14.248624000174459,1.5306430000237015,6,56.26300343500163
359,19.248041999844645,1.666044000103284,15.718165999942357,1.5138379999370954,7,51.95333634496804
360,17.85049000000072,1.5676049999910902,14.45788499995615,1.4816710001923639,7,56.02087113574808
361,17.78376900006151,1.7026529999384366,14.216510999858656,1.5302929998597392,7,56.23104978458397
362,17.445184000052905,1.5413900000567082,14.069592999931047,1.4824630000020989,7,57.322410586037236
363,18.002383999828453,1.608511000085855,14.433491999852777,1.5731579999282985,8,55.54819850579396
364,17.64245600020331,1.6018859998894186,14.15993000000526,1.5023639998617,8,56.68145069986152
365,17.73105500001293,1.5241510000123526,14.305496999895695,1.5505850001318322,8,56.398223343127114
366,17.508206000002247,1.5604830000484071,14.119058999995104,1.4887580000504386,8,57.11607459952617
367,18.088299000055486,1.5206839998427313,14.66735899998639,1.568324000118082,8,55.28435813654631
368,18.359011000029568,1.704861999996865,14.69448500006365,1.5556050000213872,8,54.46916503282173
369,18.637134000073274,1.682991000052425,14.969847999964259,1.6142449999279052,8,53.65631861615999
370,18.134944999928848,1.6156390001924592,14.582936000124391,1.5904869999303628,7,55.142157861737296
371,18.2998369998586,1.6362369999569637,14.723771000035413,1.5686500000811066,7,54.64529547491198
372,17.703229000062493,1.5243579998696077,14.271616000087306,1.5550850000636274,8,56.48687027640381
373,18.403909999960888,1.6811199998301163,14.77238400002534,1.5974559998994664,8,54.336279627651145
374,18.57347899999695,1.6335380000782607,15.035544000056689,1.5451419999408245,8,53.84020947288142
375,18.80593700002464,1.7617710000195075,15.094524999994974,1.587395000115066,7,53.17469690548733
376,18.298586000128125,1.6758019999087992,14.688062999994145,1.583864999929574,9,54.649031351001554
377,18.672081999966395,1.5400180000142427,15.111350000097445,1.5803399999185785,9,53.55589162482254
378,18.496086999903127,1.5914690000045084,14.715497999986837,1.8096470000728004,8,54.0654896360099
379,18.900329999951282,1.7061759999705828,15.261108999993667,1.5811810001196136,9,52.90912909999866
380,18.184528000119826,1.573887999938961,14.629196999976557,1.570734999859269,9,54.99180402116627
381,18.336028000021543,1.6218179998759297,14.820440999983475,1.538881999977093,7,54.537438533515825
382,18.046624999897176,1.562287999831824,14.572755000017423,1.550965999967957,7,55.41202302401128
383,19.544990999975198,1.5784899999289337,16.04716700012432,1.5557969998098997,7,51.16400411753932
384,18.836589999864373,1.606716999958735,15.257393999945634,1.6004749998046464,7,53.088165108822785
385,19.142506999969555,1.728899999989153,15.490386000010403,1.576627000076769,8,52.23976149004884
386,20.659204999901704,1.6649599999709608,16.985257999976966,1.6289380000671372,8,48.40457316749401
387,17.96970199984571,1.7297770000368473,14.274156000055882,1.574686000139991,7,55.64922556916002
388,18.372604999967734,1.6492560000642698,14.70809499983261,1.64565499994751,7,54.42886297298375
389,17.97926000017469,1.626271999839446,14.390312999921662,1.6002689999368158,7,55.619641742223195
390,17.920736999940345,1.5514980000261858,14.511820000052467,1.5018789999885485,7,55.80127647670566
391,17.548364000049332,1.5109529999790539,14.186567999786348,1.5236590002132289,9,56.985369120288865
392,17.601795000018683,1.5553380001165351,14.173317999848223,1.5277340000920958,8,56.81238760018161
393,17.959819999987303,1.5476420001050428,14.459931999908804,1.558439000064027,9,55.67984534370094
394,18.033848999948532,1.5325669999128877,14.552237999851059,1.5879739999036246,8,55.45127942475585
395,17.834114000152113,1.5923490000204765,14.274025999839068,1.6141200001129619,7,56.07231174991203
396,17.6978560000407,1.5992109999842796,14.198603000068033,1.5573810001114907,7,56.50401946979907
397,17.98129400003745,1.5655920001336199,14.442122999980711,1.5684710001551139,6,55.61335018480412
398,18.796208999901864,1.6762069999458618,15.14268500000071,1.6164119999757531,6,53.202217532547174
399,18.374665999999706,1.5399510000406735,14.78364300010071,1.6744449999350763,6,54.422757942920754
400,18.12180500019167,1.6130829999383423,14.476414999990084,1.6436880000583187,7,55.18214107200818
401,18.126508000023023,1.6307840000990836,14.56986399989546,1.5365159999873867,7,55.16782383009071
402,18.618003000028693,1.5634539997790853,15.181568000116386,1.5393260000564624,7,53.71145337115151
403,17.82250299993393,1.6086229998109047,14.304374999937863,1.5550059999895893,7,56.10884172687231
404,17.85840200000166,1.6030589999900258,14.343317999873761,1.5767730001243763,7,55.996051606403924
405,17.927794000115682,1.575660999833417,14.465235999978177,1.5217820000543725,8,55.77931116307714
406,18.05406099992979,1.6352750001260574,14.559752999957709,1.5272419998382247,7,55.389200247184775
407,18.013628000062454,1.5692100000705977,14.45734200001425,1.544640000020081,7,55.51352564827768
408,17.339286000151333,1.5241779999541905,13.972491999993508,1.512587999968673,8,57.672501623842656
409,17.24952199992913,1.4999279999301507,13.882807000072717,1.4599480000470066,8,57.9726209227194
410,17.666518999931213,1.524717999927816,14.264106999917203,1.5457740000783815,8,56.60424671118819
411,17.392833000030805,1.5410290000090754,14.00117399998635,1.5312689999973372,8,57.494946337852426
412,18.43937399985407,1.6250860001036926,14.73617000010563,1.6399500000261469,8,54.23177598154439
413,18.239862999962497,1.7232879999937722,14.55877800003691,1.5794240000559512,8,54.82497319207146
414,18.293564000032347,1.6057459999956336,14.754000000039014,1.5802860000349028,8,54.66403375516284
415,20.641737999994803,1.6394680001212691,15.835844999855908,2.6923729999452917,8,48.445533026349416
416,21.066884999981994,2.3699579999174603,16.588450999961424,1.5362950000508135,8,47.46786247709876
417,17.788165999945704,1.689925000164294,14.17233600000145,1.5446029999566235,7,56.21715021116018
418,17.736816999786242,1.6430329999366222,14.18565599988142,1.5318810001190286,7,56.379901760955846
419,17.882451000104993,1.6626730000552925,14.253884000027028,1.5928599998460413,7,55.920745986896804
420,18.088562999992064,1.6821560000153113,14.47271200004252,1.5635249999377265,7,55.28355126940922
421,18.940894000024855,1.5073199999733333,15.570349999961763,1.5202719998796965,8,52.795818402166645
422,17.52714500003094,1.6106140001284075,14.041281000118033,1.5085749998888787,8,57.05435768336684
423,18.180995999955485,2.030140999977448,14.301125000201864,1.521879999927478,8,55.00248721260642
424,17.526661999909265,1.5553490000002057,14.103024999940317,1.503005999893503,8,57.05592998856125
425,17.75822500007962,1.578041999891866,14.312938999864855,1.5429669999775797,8,56.31193432876971
426,17.701822999924843,1.5053259999149304,14.251093000211768,1.5773410000292643,8,56.49135685088738
427,18.40857000001961,1.5813579998393834,14.930521999986013,1.5595560000747355,9,54.32252478051988
428,17.898212999853058,1.6576150001128553,14.297859999942375,1.5536509999947157,9,55.87149957418709
429,22.296783000001597,1.6602190000867267,17.60720799984483,2.6759070001389773,8,44.84951932303097
430,26.140562000136924,2.3218819999328844,20.784264999974766,2.5149779999082966,8,38.25472459217831
431,25.449653999885413,2.3649830000067595,20.810449999999037,1.7746290000104636,7,39.29326504810252
432,26.462732000027245,1.782957000159513,22.503988000153186,1.769947000184402,7,37.78899321502294
433,18.234286000051725,1.5726389999599633,14.822230999925523,1.5113859999473789,7,54.84174154102679
434,18.01342199996725,1.535317999923791,14.572816999816496,1.5604200000325363,7,55.51416049664623
435,17.864281000129267,1.5503029999308637,14.406441999881281,1.5183250000063708,9,55.977623728196164
436,20.442477999949915,1.4967109998451633,16.928462999885596,1.652449999937744,9,48.917748621397564
437,17.946739999842976,1.5468090000467782,14.444349000086731,1.5993790000266017,9,55.720426105730034
438,17.904176000001826,1.5733469999759109,14.374672000030841,1.5320550000978983,9,55.85289152652979
439,17.700690999845392,1.5226629998323915,14.314240999965477,1.5226269999857323,9,56.49496960365754
440,18.02011399990988,1.551625000047352,14.551160999872081,1.571590999901673,9,55.49354460271456
441,17.437700000073164,1.531731000113723,14.076082999963546,1.5094000000317465,8,57.347012507142814
442,17.78285400018831,1.5463849999832746,14.36568899998747,1.5255829998750414,9,56.23394309987647
443,18.110847999878388,1.488632000018697,14.791605999789681,1.508297000100356,9,55.21552607623425
444,17.658135000147013,1.5211899999485468,14.303120000022318,1.4950660001886718,9,56.631122142382225
445,17.748688999972728,1.532666999992216,14.344669999900361,1.5292579998913425,10,56.34218955560811
446,17.61097499979769,1.515404999963721,14.260677000038413,1.5013469999303197,10,56.78277324290607
447,18.02451799994742,1.6619079999600217,14.462973000036072,1.5248390000124346,9,55.47998565081835
448,17.603667000003043,1.5379520000351476,14.194301000088672,1.5288600000076258,9,56.80634608685947
449,17.808070999990377,1.595618999999715,14.368012999966595,1.5235569999276777,9,56.154313400959616
450,17.415001000017583,1.6371679998883337,13.979613999936191,1.4645080000263988,9,57.421759550802804
451,17.91248200015616,1.5815259998817055,14.471262000142815,1.5157570001065324,10,55.82699259607251
452,17.84500600001593,1.610945000038555,14.370983999924647,1.5411209999456332,10,56.0380870703606
453,18.58070299999781,1.7374059998473967,14.852150000024267,1.602084000069226,10,53.81927691326414
454,17.68581299984362,1.6078940000170405,14.240925999956744,1.5167359999850305,10,56.5424953893181
455,17.372463999890897,1.5245999998114712,13.985073999947417,1.540113999908499,10,57.56235845452207
456,17.684118000033777,1.5421189998505724,14.304532999858566,1.4585209999040671,9,56.54791491428014
457,17.58897399986381,1.5709820002030028,14.136726000060662,1.527192000139621,9,56.85379943183399
458,18.214039999975284,1.5553729999737698,14.759624999896914,1.4905079999607551,9,54.902701432595784
459,18.980540000029578,1.5182689999164722,15.520160999813015,1.6149850000601873,9,52.68554003197178
460,17.723932999842873,1.5432239999881858,14.350951000096757,1.509391999888976,9,56.420885816306416
461,17.84650500007956,1.5356700000666024,14.327608000030523,1.6417599999840604,9,56.033380205006075
462,17.54848900009165,1.5624800000750838,14.09643000010874,1.527019999912227,8,56.98496320650612
463,17.289357000208838,1.5801619999820105,13.90581700002258,1.4805660000547505,9,57.83905092525541
464,17.70014299995637,1.4962299999297102,14.27729800002453,1.5787720001299022,9,56.496718698965594
465,17.82778300002974,1.562328000090929,14.374611999983244,1.4955690000988398,10,56.09222414241478
466,17.670086000180163,1.4849849999336584,14.315094000039608,1.5268689999174967,10,56.59282020414638
467,17.767390000017258,1.5122900001642847,14.364829999976791,1.484124999933556,10,56.28288679423532
468,18.01614300006804,1.6562679998060048,14.402748000065912,1.589331999866772,10,55.50577612512419
469,18.3100540000396,1.6123850000440143,14.708165999991252,1.6495499999109597,11,54.61480342973523
470,18.326592999983404,1.5442789999724482,14.705673999969804,1.6446310000901576,11,54.56551580541487
471,17.93766599985247,1.5796130001035635,14.400396999917575,1.6293080000195914,11,55.74861300284132
472,18.46701799991024,1.603015000000596,14.999792000025991,1.5314199999920675,10,54.15059431928103
473,18.04919799997151,1.5982770000846358,14.599323000084041,1.5094500001850975,10,55.404123773343194
474,17.932276999999885,1.5884360000200104,14.46951299999455,1.5148890001910331,10,55.76536655105241
475,18.116874000043026,1.6187010000976443,14.60309200001575,1.546016000020245,10,55.19716039299192
476,18.051845999934812,1.561063999815815,14.604448000000048,1.5321589999075513,10,55.39599662015791
477,18.001895999987028,1.6312789998664812,14.414163999845186,1.5436669998507568,11,55.54970432007387
478,17.698816999882183,1.550761000089551,14.195423999808554,1.618406000034156,12,56.500951448148015
479,18.416047999835428,1.8768319998798688,14.540829999987182,1.6583540000283392,13,54.30046663697534
480,18.210181000085868,1.7932240000391175,14.352650000091671,1.664440000013201,12,54.914336106559546
481,18.051058000082776,1.6090820001863904,14.548213000125543,1.555016000111209,12,55.39841487382149
482,17.989921999969738,1.6284370001358184,14.476710000053572,1.5342609999606793,12,55.5866779189861
483,17.881021999983204,1.5401319999455154,14.474645000063902,1.5318989999286714,11,55.92521501293043
484,17.32415499986928,1.576853000187839,13.887543999999252,1.501749999988533,13,57.7228730640857
485,17.98185100005867,1.6191029999390594,14.477859999942666,1.5366489999451005,11,55.61162752359239
486,17.87760399997751,1.6488239998579957,14.322932000141009,1.5060549999361683,12,55.93590729503003
487,17.647621000151048,1.6387680000207183,14.133005000076082,1.5374760000668175,12,56.66486151257673
488,19.33818800011977,1.5553319999526138,15.686701000049652,1.7464039999595116,12,51.71115308186095
489,18.777224999894315,1.6697849998763559,14.822959999946761,1.539084000114599,13,53.256005613482735
490,18.153685000015685,1.6275309999400633,14.654479999990144,1.5376619999187824,14,55.08523476082878
491,17.729695999832984,1.5342120000241266,14.29220299996814,1.540654999871549,14,56.40254632732677
492,17.653272999950786,1.6145110000707064,14.14855100006207,1.5407529999720282,12,56.64671927991981
493,17.689202999918052,1.5273989999968762,14.239370000041163,1.5704229999755626,12,56.53165945377147
494,17.827228999976796,1.5945229999942967,14.323533000151656,1.5327150001667178,12,56.09396726778467
495,18.094510999844715,1.5259360000072775,14.65713900006449,1.5719729999545962,13,55.265378545382184
496,18.157504999862795,1.597576999984085,14.579875999970682,1.565454999990834,12,55.07364585649606
497,18.147574000067834,1.6071029999693565,14.577464000012696,1.6177429999970627,12,55.103784119919396
498,18.27729299998282,1.7118580001351802,14.549164000072778,1.6068300001279567,11,54.71269733438863
499,18.71242299989717,1.6842869999891263,15.052490000016405,1.6068359998371307,12,53.440433662999986
500,18.746584999917104,1.7448109999804728,14.935928999875614,1.6740089999984775,12,53.343048880872004
501,18.850804000067,1.6224789999341738,15.258754000115005,1.590926000062609,12,53.04813524115182
502,18.01140799989298,1.6424329999153997,14.458196000077805,1.5443600000253355,13,55.5203679804456
503,18.237666000004538,1.53028800013999,14.644187999920177,1.6437439999208436,13,54.83157768103392
504,18.16351999991639,1.5869320000092557,14.44077200017091,1.7725879999943572,11,55.055407762625485
505,18.53238000012425,1.702716000181681,14.816891999998916,1.6481990001011582,11,53.9596101522468
506,18.647957999974096,1.6284929999983433,14.879134000011618,1.7215430000305787,11,53.62517440254794
507,19.120641999961663,1.6707069999029045,15.367400000059206,1.67095300002984,11,52.29949914872132
508,19.371673000023293,1.784027999974569,15.508939000028477,1.6936219999479363,11,51.62176751583601
509,18.770772999914698,1.5947050001159369,15.19843400001264,1.590152000062517,13,53.274311079492804
510,19.15215100007117,1.7031949998909113,15.436413000088578,1.6583740000442049,13,52.21345633690356
511,19.301444999882733,1.7111269999077194,15.526872000009462,1.6664920001403516,14,51.80959249455549
512,18.907298999920386,1.6609659999176074,15.225842999825545,1.662715000065873,14,52.889627439869166
513,18.590834999940853,1.6361990001314553,15.016469999864057,1.552286000105596,14,53.78994542220301
514,17.561622000130228,1.5357859999767243,14.170551000006526,1.5128009999898495,15,56.94234849107813
515,18.38370100017528,1.6637539999919682,14.806266000050528,1.573924000012994,15,54.39601090065953
516,17.97001199997794,1.53693199990812,14.52855500019723,1.538797999955932,14,55.6482655660568
517,18.089991000124428,1.6642390000924934,14.452981999966141,1.6415939999205875,12,55.279187258474686
518,17.91794700011451,1.6058090000115044,14.455152000209637,1.523442999996405,12,55.809965281938226
519,18.0166630000258,1.618824999923163,14.445582000007562,1.5831270000035147,13,55.504174108078054
520,17.82194099996559,1.6303620000144292,14.261349999969752,1.5810669999609672,14,56.110611072157106
521,18.052343999897857,1.6356769999674725,14.560719999963112,1.5192309999747522,13,55.3944684416416
522,17.863958999896568,1.6586680001182685,14.26482700003362,1.6150740000284713,12,55.97863273229579
523,18.243375999873024,1.6161969999757275,14.685471999882793,1.5781939998760208,12,54.814415928661454
524,17.82300500008205,1.5105909999419964,14.387470000201574,1.559860999805096,12,56.10726137345507
525,17.681967000044096,1.5243650000229536,14.282314999945811,1.5247209998960898,12,56.55479393200463
526,18.063277000010203,1.5275890000339132,14.612909999868862,1.5993189999790047,12,55.36094032104115
527,17.733718000044973,1.521381999964433,14.319678999981988,1.5696240000124817,12,56.38975425218017
528,18.045223999934024,1.5877189998718677,14.536575999954948,1.5794619998814596,12,55.41632511758547
529,17.565602000104263,1.6297699999086035,14.033770999958506,1.499251000041113,13,56.92944653955295
530,17.929428999877928,1.676227999951152,14.319701999966128,1.5256109998063039,13,55.77422460061659
531,18.13042799994946,1.6006549999474373,14.440805000049295,1.7069990001346014,12,55.15589593377429
532,18.40237199985495,1.576110999849334,14.852445000087755,1.6179599999759375,12,54.34082084678443
533,17.761364000079993,1.55831400002171,14.323544999797377,1.5312820000872307,13,56.301982212373794
534,18.33965600008014,1.5437499998824933,14.756979000139836,1.678775000073074,13,54.5266497907938
535,17.84246300007908,1.5171930001542933,14.452148000145826,1.5138500000375643,12,56.04607390782136
536,17.970184999967387,1.5711200001078396,14.337343000079272,1.6743099999985134,12,55.64772983705036
537,17.65550000004623,1.592417999972895,14.162635000047885,1.5558139998574916,13,56.63957407025468
538,18.083883999906902,1.5229140001338237,14.638468999919496,1.5905879999991157,13,55.297855261908786
539,18.110640000031708,1.5865049999774783,14.527898000096684,1.6603130000021338,13,55.21616022394842
540,19.966061999866724,1.614093000171124,16.378056000121433,1.6065190000063012,13,50.084989218538695
541,18.75249799991252,1.6379480000523472,15.156073000071046,1.6138210000917752,13,53.326228857865495
542,18.17555299999185,1.6504260001966031,14.591628000061974,1.5731099999811704,13,55.018958707911025
543,17.923283999834894,1.6332500001681183,14.35481799990157,1.5827500001250883,12,55.79334680012948
544,18.38709599996946,1.6300090001095668,14.753483000049528,1.6244030000507337,12,54.385967202306496
545,17.815990999906717,1.623365999876114,14.248238000163838,1.6021000001273933,12,56.129350312606014
546,17.997178999848984,1.56783100010216,14.49375900006089,1.5829540000140696,12,55.564263710906644
547,18.227835000061532,1.6771119999248185,14.642834000142102,1.5631030000804458,13,54.86115054237787
548,19.436382000094454,1.671669999950609,15.810152000085509,1.5565359999527573,13,51.4499046167718
549,17.985655000074985,1.5580040001168527,14.523717999963992,1.5620149999904243,13,55.59986555929327
550,18.260590999943815,1.6950619999533956,14.64765300011095,1.540481999882104,13,54.762740154635566
551,18.31574399989222,1.69879699978992,14.566328999990219,1.6942509998898458,14,54.59783670299632
552,18.598209999936444,1.6039469999213907,14.885963000097036,1.720457999908831,13,53.76861536693141
553,18.29016000010597,1.6989230000490352,14.684554000041317,1.5618339998582087,13,54.67420733302531
554,18.324196999856213,1.6123820000757405,14.727040000025227,1.6344830000889488,13,54.57265057824072
555,17.963261999966562,1.5411570000196662,14.533354999912262,1.513358000011067,13,55.669176344578254
556,19.047858000021733,1.5736650000235386,15.4943419997835,1.5940910000153963,12,52.49934139570229
557,17.93267800007925,1.5855400001782982,14.406483999891861,1.5826920000563405,12,55.76411955847201
558,18.265165000002526,1.70831100012947,14.584701999865501,1.6016990000480291,12,54.74902635699495
559,18.307371999981115,1.6110930000650114,14.725303999966854,1.6197250001823704,12,54.62280440912172
560,18.256966000080865,1.5604780001012841,14.704941999980292,1.6051519999109587,11,54.77361353444876
561,18.290245000116556,1.5990839999631135,14.743304999910833,1.5770680001878645,11,54.67395324631394
562,18.336091000037413,1.6686100000242732,14.718840999876193,1.6021520000322198,9,54.537251151183725
563,18.401326999992307,1.668552000182899,14.734538000084285,1.6130829999383423,10,54.34390682804659
564,18.276853999850573,1.6250119999767776,14.621639000097275,1.6749939998135233,10,54.71401150373996
565,18.507680000084292,1.5799000000242813,14.875741999958336,1.6348009999092028,10,54.031623628431305
566,17.859226999917155,1.6782710001734813,14.187364999997953,1.5943009998409252,10,55.993464890985415
567,18.497468000077788,1.6021960000216495,14.830467000138015,1.6430120001587056,9,54.06145316730888
568,18.873172999974486,1.6395150000789727,15.177540999957273,1.6912889998366154,10,52.985261142964774
569,18.1629520000115,1.5850449999561533,14.601236999851608,1.578664000135177,9,55.05712947979859
570,18.74708299988015,1.7188509998504742,15.01865600016572,1.6403160000209027,9,53.341631869149616
571,18.75664399995003,1.6050960000484338,15.12170499995591,1.66509199993925,9,53.31444153883094
572,18.38890499993795,1.6673599998284772,14.760855000076845,1.5902659999937896,9,54.380617008102135
573,19.07074099995043,1.6983339999114833,15.328105999969921,1.6889710000214109,10,52.43634738695257
574,18.47301099996912,1.703577000171208,14.746418999948219,1.664589000029082,11,54.13302682500821
575,18.364754999993238,1.6495840000061435,14.808463000008487,1.5445200001522608,12,54.452128547338
576,18.079586999874664,1.6770859999724053,14.461163000078159,1.5842440000142233,13,55.31099797837929
577,18.45766800011006,1.6166609998435888,14.83951199998046,1.6352289999304048,13,54.178025089303645
578,18.566826999858677,1.6760119999617018,14.953716000036366,1.5546570000424254,13,53.85949898750129
579,18.37627899999461,1.6095050000330957,14.826423000158684,1.5853549998610106,15,54.41798091987465
580,18.29544999986865,1.7266950001157966,14.572885000006863,1.6312509999352187,13,54.65839867328649
581,18.03565599993817,1.6209489999710058,14.543626999966364,1.5148289999160625,13,55.44572373765768
582,18.32757399984075,1.6350400001101661,14.72918500007836,1.597894999804339,14,54.56259513717904
583,18.75646600001346,1.704383000060261,15.068130999907225,1.605916000016805,14,53.3149474959346
584,18.05505400011498,1.5898340000148892,14.425639999899431,1.6701269998975476,15,55.38615392640929
585,18.15182299992557,1.5849630001412152,14.63230400008797,1.5800290000242967,11,55.09088536198818
586,18.29788100008045,1.5736199998173106,14.786560999937137,1.5677089998007432,11,54.651136926489094
587,17.875062000030084,1.6003920000002836,14.339872999926229,1.5648000000965112,11,55.94386190091632
588,17.68256700006532,1.5671500000280503,14.259443000128158,1.5160039999955188,11,56.55287493022399
589,17.992410000033487,1.592506999941179,14.42175700003645,1.606615999889982,13,55.57899136347709
590,18.50500099999408,1.5687279999383463,14.97741599996516,1.60984399985864,13,54.03944587737768
591,20.544825000115452,1.6952780001702195,16.963457999963794,1.5414949998557859,10,48.674057822073465
592,18.198142000073858,1.5572419999898557,14.649462000079438,1.6467599998577498,12,54.95066474346345
593,18.731690999857165,1.57652899997629,15.112489000102869,1.6626980000182812,12,53.385463170817054
594,18.095184000003428,1.6115119999540184,14.58350400002928,1.5439109999988432,11,55.26332310297649
595,17.861535000065487,1.5521850000368431,14.359508000097776,1.6037899999901128,10,55.98622962675569
596,18.116408000196316,1.7069809998702112,14.434371999868745,1.5970580000157497,10,55.19858020360127
597,18.44009699993876,1.6268259998923895,14.850755999987086,1.609066000128223,10,54.229649659832106
598,18.026606999910655,1.7218440000306146,14.41117900003519,1.5579680000428198,10,55.473556393888
599,17.859198999985892,1.5695649999543093,14.374552000163021,1.5702289999808272,10,55.99355267841463
600,17.65570999987176,1.5235900000334368,14.193790000035733,1.5739779998966696,10,56.63890039014366
601,17.877173999977458,1.5627959999164887,14.417676999983087,1.5549440001905168,10,55.93725272245272
602,17.947520999996414,1.5583320000587264,14.392352999948343,1.6079380000064702,10,55.718001388615164
603,18.058164999956716,1.5374839999822143,14.58281299983355,1.6008079999210167,10,55.376612186365385
604,18.062537999867345,1.623247999987143,14.588491000040449,1.52178799999092,10,55.36320532625837
605,18.257620999975188,1.6018589999475807,14.611867999974493,1.601466000010987,10,54.77164850784004
606,17.811611000070116,1.5524589998676674,14.274662999923748,1.6431819999525032,13,56.14315291278613
607,19.111596999891844,1.5645379999114084,15.643463000060365,1.5666530000544299,12,52.324251081982275
608,17.788478000056784,1.591125999993892,14.230593000092995,1.5609760000643291,12,56.216164193294546
609,17.9775129997779,1.5222569998059043,14.497042999892074,1.5955649998886656,11,55.62504669096077
610,17.86302200002865,1.559598999847367,14.420627000163222,1.5320519999022508,11,55.98156907596017
611,17.755179000005228,1.581288999886965,14.212277999831713,1.6120350001074257,11,56.32159495546092
612,17.683549000139465,1.523813000176233,14.233398999976998,1.5728280000075756,11,56.549734444828545
613,18.251962000022104,1.7065689999071765,14.509428000110347,1.587859999972352,11,54.78863039484681
614,18.12659799998073,1.6753080001308263,14.57451300007051,1.5484279999782302,11,55.16754991758867
615,17.525613000088924,1.624686000013753,13.989824999953271,1.5602099999796337,12,57.05934508510065
616,17.75848700003735,1.5661499999168882,14.323512000146366,1.5086569999311905,11,56.31110353026679
617,17.620817000079114,1.5675879999434983,14.038413999969634,1.6412929999205517,12,56.75105756989078
618,17.835169999898426,1.6089799999008392,14.336271999809469,1.5593059999901016,13,56.06899177331616
619,17.71463899990522,1.5624650000063411,14.226383000050191,1.576314999965689,12,56.45048708050728
620,17.646094999918205,1.5637860001334047,14.10297500001434,1.6273950000140758,12,56.669761780418575
621,17.92874199986727,1.5614970000115136,14.435974999969403,1.5755819999867526,11,55.776361777496895
622,18.08536500016089,1.6394419999414822,14.398971999980859,1.635733000057371,11,55.2933269519915
623,18.580246999817973,1.639295000131824,14.954731999978321,1.6317249999246997,12,53.820597756843426
624,18.38229500003763,1.60342899994248,14.83247900000606,1.5989369999260816,11,54.400171469229115
625,18.147189000046637,1.6476640000746556,14.502601000003779,1.5768529999604652,13,55.10495316918946
626,18.44393500005026,1.6686960000242834,14.807289000145829,1.6176690000975213,13,54.218365007102605
627,18.023219000042445,1.6361030000098253,14.431530999900133,1.5546220001851907,13,55.483984298123715
628,17.992248000155087,1.5538459999788756,14.4821660001071,1.6177960001186875,12,55.57949178954072
629,18.406491999940044,1.6357819999939238,14.847441000028994,1.5451089998350653,11,54.328657519491344
630,17.653706000146485,1.5668900000491703,14.218723999874783,1.5258270000231278,12,56.64532988097243
631,17.68908899998678,1.5525579999575712,14.308780999954251,1.474222000069858,11,56.53202378035112
632,17.893008999863014,1.5986749999683525,14.396022000028097,1.5613929999744869,10,55.88774923254417
633,18.293439999979455,1.5662400001019705,14.666605000002164,1.69791799999075,12,54.66440428924921
634,18.533251000008022,1.5753410000343138,14.881349000006594,1.733784999942145,10,53.95707423374168
635,18.197112000052584,1.5791509999871778,14.633284999945317,1.553053999941767,11,54.95377508239276
636,18.16135099988969,1.6176999999970576,14.472532999889154,1.7182699998556927,12,55.06198299928644
637,18.995831999973234,1.556315000016184,15.381565999859959,1.6154539998751716,13,52.6431271871329
638,18.01241500015749,1.5626239999164682,14.479524000080346,1.5983260000211885,13,55.51726406432767
639,18.092262999971354,1.592422000157967,14.488123000091946,1.6213730000345095,12,55.27224537923107
640,18.025502000000415,1.6210600001613784,14.493770999933986,1.556170999947426,12,55.47695703564744
641,18.32258399986131,1.5415720001783484,14.812947000109489,1.6286539998873195,11,54.577454796090414
642,19.49159899982078,1.6015190001326118,15.320700000074794,2.0827630000894715,10,51.30415416452979
643,17.883845999904224,1.579775999971389,14.422363999983645,1.5420839999933378,9,55.916383981686906
644,17.751674000010098,1.670082999908118,14.201564000131839,1.5408790000037698,9,56.332715438523216
645,18.101499999829684,1.6423160000158532,14.50012199984485,1.5681190000123024,10,55.24404054964555
646,18.190839999988384,1.5479369999411574,14.594525000120484,1.6083569998954772,9,54.9727225351132
647,18.136990000130027,1.5277529998911632,14.739944999973886,1.5358099999502883,9,55.13594041750207
648,18.31788399999823,1.5391740000723075,14.866784999867377,1.5563260001272283,10,54.591458271058855
649,18.16864399984297,1.61297700014984,14.647622999973464,1.550258999941434,10,55.03988079730347
650,17.89428200004295,1.5380480001567776,14.384621000090192,1.555788000132452,10,55.883773375070305
651,18.104705999803627,1.6018879998682678,14.574859999811451,1.574878000155877,9,55.23425787808134
652,17.87447200013048,1.5600619999531773,14.272493999897051,1.7022100000758655,11,55.945708493806144
653,18.293768000148702,1.661637999859522,14.728903999866816,1.567441999895891,10,54.663424177669214
654,17.969415999914418,1.6116599999804748,14.43184000004294,1.5919410000151402,10,55.650111278227556
655,18.273771999929522,1.565635999895676,14.70428799984802,1.6491810001753038,10,54.72323940584663
656,18.140723999977126,1.6510440000274684,14.501304000077653,1.635918999909336,10,55.1245914992842
657,18.712073999950007,1.6089260000171635,15.03588800005673,1.7057919999388105,10,53.44143038354122
658,18.299389000048905,1.5696829998432804,14.71798900001886,1.6477149999900575,11,54.64663328362097
659,19.111613999939436,1.8813700000919198,15.274277000116854,1.6055969999797526,11,52.3242045388301
660,18.50250400002551,1.6129180000916676,14.883484999927532,1.6386600000259932,10,54.046738754852925
661,18.85132600000361,1.5737230000922864,15.295391000108793,1.6070070000751002,11,53.046666319377664
662,18.707734000145138,1.6038730000218493,15.130230000067968,1.6288899998926354,11,53.453828239820055
663,18.57014799998069,1.6669550000187883,14.909737999914796,1.6545559999485704,11,53.849867001654474
664,18.761317999860694,1.6218150001350295,15.103476999911436,1.6824630001792684,11,53.30115933259194
665,18.59429999990425,1.6432749998784857,15.010974000006172,1.5705220000654663,12,53.77992180427063
666,18.657309999980498,1.5547400000741618,15.112501999965389,1.576018999912776,12,53.59829471671132
667,17.880015999935495,1.5226329999222799,14.435298000080365,1.5964789999998175,12,55.92836158556053
668,17.841082999893842,1.6083559999060526,14.34200099993177,1.5353789999608125,12,56.05040904781118
669,18.70297000004939,1.684287999978551,15.033658999982435,1.6300199999932374,12,53.467443940580516
670,18.07578300008572,1.6992040000332054,14.52872700019725,1.5189850000751903,12,55.32263802875138
671,18.138993999855302,1.5868990001308703,14.537762000145449,1.5486150000469934,12,55.12984898765484
672,17.7286840000761,1.532024000198362,14.245319000110612,1.6160679999757122,12,56.40576593252536
673,18.71649999998226,1.6788999998880172,15.034229000093546,1.650761000064449,12,53.428792776477856
674,18.531968000161214,1.6574470000705332,14.971896999895762,1.5508399999362155,12,53.96080977429384
675,18.507152999973187,1.616787000102704,14.934254000081637,1.6115809999064368,13,54.0331622049836
676,17.956003999870518,1.5296709998438018,14.487843999859251,1.5858950000620098,13,55.69167839387934
677,18.639430000121138,1.6300860002047557,15.039507999972557,1.602656000159186,13,53.64970924505207
678,18.971739999869897,1.671549999855415,15.273458999899958,1.6764580000199203,14,52.70997810463657
679,18.96111899986863,1.7104879998441902,15.271873000074265,1.6117620000386523,13,52.739503402036995
680,18.819670000084443,1.626345999966361,15.20755100000315,1.620294000076683,13,53.13589451863466
681,18.341547999852992,1.660035999975662,14.711472999806574,1.6253559999768186,12,54.521025161453935
682,18.481510999890816,1.7209229999934905,14.781674000005296,1.6278130001410318,13,54.10813001198375
683,18.504775000110385,1.6294570000354724,14.90057700016223,1.5972199998941505,13,54.04010586424503
684,18.869977999884213,1.5924360000099114,15.267816999994466,1.6673509999236558,12,52.994232426033356
685,18.82384500004264,1.670934000003399,15.162666999913199,1.6308310000567872,14,53.124109340984
686,18.78484100006972,1.7791249999845604,15.027519000113898,1.6240479999396484,14,53.23441385510203
687,18.741405000127997,1.6635220001717244,14.964996000117026,1.628621000008934,14,53.357792545071746
688,18.90987399997357,1.6309170000567974,15.326028999879782,1.5784679999342188,13,52.882425340401404
689,18.6682829998972,1.579022000214536,15.135487999941688,1.6059429999586428,14,53.56679026161681
690,18.179032000034567,1.5681269999276992,14.657535999958782,1.6035520000059478,14,55.008429491630714
691,18.76487200001975,1.626057000066794,15.047618000153307,1.7335750001166161,14,53.29106428218362
692,18.45502499986651,1.7265439998936927,14.806666999902518,1.5774240000610007,14,54.18578408900737
693,20.39117999993323,1.6900660000374046,16.748225000128514,1.5975549999893701,15,49.04081078207708
694,18.484197000134373,1.5667449999909877,14.960676999862699,1.6130599999542028,12,54.100267379358186
695,18.219841000018278,1.5863119999721675,14.581370999849241,1.604912999937369,13,54.88522100708765
696,18.1289409999863,1.5689059998749144,14.603312999952323,1.617764000002353,13,55.160420015750276
697,18.256756000027963,1.679405000004408,14.656437999974514,1.5608569999585598,13,54.774243573089784
698,18.819346000100268,1.6371579999940877,15.234617000032813,1.5710220000073605,13,53.136809323484044
699,18.618719999949462,1.5832500000669825,15.068071000087002,1.5947859999414504,13,53.709384963236694
700,18.128393000097276,1.6943260000061855,14.512048000142386,1.56918599986966,13,55.16208745003675
701,17.96693400001459,1.6583990000071935,14.402193000023544,1.5602209998633043,13,55.6577989321488
702,18.25189800001681,1.6147940000337258,14.69560000009551,1.587785999845437,14,54.78882251035367
703,18.164561999810758,1.5911329999198642,14.626070000076652,1.5968159998465126,15,55.05224954008901
704,18.035499000006894,1.5530650000528112,14.523784999937561,1.6041579999637179,15,55.44620639548802
705,18.16665199999079,1.5967819999787025,14.492439999912676,1.7148790000192093,14,55.04591600040045
706,18.187069000077827,1.5434049998930277,14.53096600016579,1.6602769999281008,13,54.98412086058071
707,17.945920000101978,1.5335460000187595,14.469546000100308,1.5860339999562711,12,55.722972129281615
708,17.79811400001563,1.5572999998312298,14.290618000131872,1.5885059999618534,14,56.18572844286321
709,18.90605299990966,1.636714999904143,15.110442999912266,1.739988000053927,17,52.89311312121987
710,18.32868199994664,1.6051810000590194,14.50245699993502,1.7927270000654971,17,54.55929673518867
711,18.03620900000169,1.6192129999126337,14.466506000189838,1.597740000079284,16,55.44402374134754
712,18.36299000001418,1.6531160001704848,14.726225999993403,1.5986630000952573,17,54.45736233583027
713,18.039600000065548,1.6352479999568459,14.450281000108589,1.577957000108654,17,55.433601631763814
714,18.11059099986778,1.5809609999450913,14.541491000045426,1.6490049999902112,17,55.21630961724554
715,18.03324899992731,1.5566820000003645,14.51713699998436,1.590929000030883,16,55.453124392838525
716,18.280559999993784,1.5986509999947884,14.672773000029338,1.614360999838027,16,54.70291938542036
717,18.5271359998751,1.6944579999744747,14.85656799991375,1.5970039999047003,17,53.974883112357006
718,18.18534099993485,1.6097249999802443,14.630206999981965,1.602786999910677,16,54.98934553955202
719,18.60072800013768,1.6533089999484218,14.826344999846697,1.6976780000277358,16,53.7613366526621
720,18.14435199980835,1.6370619998724578,14.58488999992369,1.5747859999919456,16,55.113569225870535
721,17.865494000034232,1.5794349999396218,14.302806000159762,1.620429000013246,15,55.973823057906145
722,18.190240999956586,1.574715999822729,14.683981999951357,1.5579789999264904,15,54.974532772951534
723,18.57950999988134,1.62378400000307,14.894817999902443,1.6242369999872608,15,53.82273267736268
724,18.314004000103523,1.6961540000011155,14.674418999902628,1.5769819999604806,15,54.603024002525466
725,18.69589700004326,1.6951280001649138,14.976299999943876,1.6573220000282163,13,53.487671653180705
726,18.268925000029412,1.7168199999559874,14.593221000041012,1.6024000001380045,15,54.73775824239193
727,18.044431000134864,1.5645130001757934,14.507083999887982,1.5875179999511602,13,55.41876050248002
728,18.47350700018069,1.6855540000051406,14.620836999938547,1.7968639999708103,13,54.13157339265463
729,18.62955100000363,1.581125000029715,15.157167999859666,1.5419599999404454,14,53.67815896367041
730,18.293540000058783,1.616080000076181,14.676134999945134,1.6320810000252095,15,54.66410547093601
731,18.431909000128144,1.6061210001225845,14.907331999893358,1.5552159998151183,16,54.25374007613903
732,18.068358999926204,1.5722460000233696,14.542286000050808,1.6161250000550353,14,55.34536921720917
733,18.30087899998034,1.7464399998061708,14.6283990000029,1.5599170001223683,12,54.64218412684299
734,17.926377999856413,1.592711000057534,14.399333000028491,1.5939459999572136,12,55.78371715736496
735,18.374699999867516,1.647184999910678,14.633374000140975,1.725830999930622,13,54.42265724105483
736,18.212513999969815,1.5783460000875493,14.654337999900235,1.5722900000127993,13,54.907301649934624
737,18.26746799997636,1.6929230000641837,14.578843999970559,1.5969389999099803,15,54.74212408645216
738,17.95098199977474,1.5312839998387062,14.398196000001917,1.6516299999693729,14,55.70725880135965
739,17.584911999847463,1.5671959999963292,14.114267000195468,1.579203999881429,12,56.86693228880954
740,17.96950400012065,1.569041000038851,14.544611000019358,1.5319399999498273,12,55.6498387486536
741,17.737938999971448,1.5541590000793803,14.300037999873894,1.5425920000780025,14,56.376335492055176
742,17.57524800018473,1.5777099999922939,14.107525999861537,1.5508300000419695,13,56.898201378978506
743,17.490097000063543,1.5986989999419166,14.015565999898172,1.5185849999852508,13,57.175211778206084
744,18.95018200002596,1.7006549999223353,14.749230999996144,2.1000140000069223,14,52.76994173452424
745,19.042550999984087,1.649965999831693,15.341860000035012,1.6161989999545767,13,52.51397252399826
746,18.057789000067714,1.5434879999247642,14.505897000162804,1.6463220001696754,13,55.37776524004407
747,17.609392000167645,1.542677000088588,14.166274999979578,1.5358529999502935,13,56.78787774106453
748,17.866002999880948,1.5419139999721665,14.414695999903415,1.5839509999295842,13,55.9722283717664
749,17.70287600015763,1.5374829999927897,14.287199999898803,1.5311560000554891,12,56.48799663913908
750,18.681221999941044,1.5675949998694705,15.117100999987088,1.6077370000857627,14,53.529688796758364
751,17.898568999953568,1.6958799999429175,14.316295999833528,1.5577629999370401,14,55.870388297667496
752,17.622926000058214,1.5353040000718465,14.182143999960317,1.5427289999934146,14,56.7442659633648
753,17.543832999990627,1.5289309999388934,14.083672999959163,1.5693099999225524,14,57.00008658316197
754,18.122210999990784,1.5615180000168039,14.602580999962811,1.5718470001502283,15,55.180904802427726
755,17.85931199992774,1.5362669998921774,14.435653999953502,1.5415160000884498,16,55.99319839443121
756,17.799837999973533,1.5177180000591761,14.366840999855413,1.5492649999941932,15,56.180286584714246
757,17.959348000204045,1.5402090000407043,14.508770000020377,1.5434290000939654,15,55.68130869721097
758,17.488010999841208,1.5707600000496313,14.000032000012652,1.5868390000832733,14,57.182031736432464
759,17.69080600001871,1.5306479999708245,14.274436000050628,1.5219310000702535,16,56.526537004528926
760,17.75136600008409,1.555634000169448,14.194178000025204,1.6469929998947919,16,56.33369285469428
761,19.30222999999387,1.5922600000521925,15.796568000041589,1.5512649999891437,16,51.8074854563601
762,18.068848999973852,1.642188999994687,14.516835999984323,1.5665419998640573,14,55.34386833391807
763,17.826241999955528,1.521559999901001,14.379791999999725,1.5866910000568168,16,56.097073068036146
764,17.947733000028165,1.5855760000249575,14.311417000044457,1.6344329999355978,16,55.717343243206855
765,17.685060999838242,1.5130389999740146,14.307426000186751,1.5380640002149448,15,56.54489967601167
766,17.643049000071187,1.5297060001557838,14.259961000107069,1.531168999918009,15,56.67954558171692
767,18.37374899992028,1.5763779999815597,14.922721000175443,1.541727999892828,16,54.425474082852595
768,17.755790000137495,1.5422779999880731,14.362414000061108,1.5192590001333883,17,56.31965685515859
769,17.61251000016273,1.5503219999573048,14.12286300001142,1.6105009999591857,16,56.777824398155666
770,17.692707999913182,1.5784909999183583,14.221195000118314,1.55340200012688,16,56.520460293862705
771,17.660307999904035,1.6246850000243285,14.158399000052668,1.5285339998172276,16,56.624154007134756
772,17.88944400004766,1.5337050001562602,14.46425300014198,1.5566090000902477,16,55.89888651639122
773,17.851614999926824,1.64883499996904,14.258000000154425,1.6143689999807975,16,56.017340728225385
774,18.359507000013764,1.5210000001388835,14.898565999828861,1.5795550000348157,17,54.46769349521478
775,17.72200499999599,1.5727659999811294,14.25621300018065,1.5549190000001545,14,56.42702391745327
776,17.87828300007277,1.551759999983915,14.32893400010471,1.6092939999907685,14,55.93378290275021
777,17.801105999978972,1.6564930001550238,14.20896299987362,1.5946900000471942,16,56.176284776978534
778,18.07163000012224,1.6271019999294367,14.48917499988056,1.5666140000121231,15,55.33535159768299
779,18.10053000008338,1.6625979999389529,14.491479000071195,1.6071279999323451,15,55.24700105441075
780,17.928134000158025,1.5574510000533337,14.408198999944943,1.6176139999970474,16,55.77825333027886
781,17.873051000151463,1.6123939999488357,14.366142999961085,1.5261720000125933,16,55.95015646693592
782,17.915237000124762,1.6142819999913627,14.338406999968356,1.540700000077777,16,55.81840753728438
783,18.26947100016696,1.625118999982078,14.683385999887832,1.590469999882771,17,54.73612235356247
784,18.221307999965575,1.5657219998956862,14.697617999900103,1.6107189999274851,17,54.880802190594075
785,17.502562999879956,1.5244819999225,14.14965799995116,1.5059269999255775,18,57.134489389174526
786,17.931333999968047,1.516080999863334,14.549729999998817,1.5045299999201234,16,55.76829922423965
787,18.093574999966222,1.7564110000876099,14.336744000047474,1.6453900000215071,17,55.268237482192816
788,18.623814999955357,1.6135769999436889,15.031608999834134,1.6376129999571276,17,53.69469144761141
789,17.78639999997722,1.599236000174642,14.278687999876638,1.5778489998865552,17,56.222731975064136
790,18.16725599996971,1.6393400001106784,14.617551000128515,1.578772999891953,18,55.04408590937823
791,18.031760999974722,1.6472170000270125,14.436000999921816,1.6070140000010724,19,55.45770044320141
792,17.902576000096815,1.6495310001118924,14.385699000058594,1.5290199999071774,18,55.85788324510351
793,17.996956999922986,1.6095319999749336,14.419380999925124,1.6248750000613654,18,55.564949119136045
794,17.798041000105513,1.5865470002154325,14.324805000114793,1.5514070000790525,18,56.185958892558546
795,18.005915999992794,1.6762770001150784,14.441163999890705,1.5556579999156384,18,55.53730229555665
796,17.807033000053707,1.652500000091095,14.32082100018306,1.5090320000581414,16,56.1575867241322
797,19.31192900019596,2.093763999937437,15.156225000055201,1.5613040000062028,16,51.78146626315025
798,18.058072000030734,1.6267109999716922,14.51582699996834,1.563259000022299,18,55.37689737854063
799,18.014148000020214,1.5793770000982477,14.546914999982619,1.5368750000561704,16,55.51192318387069
800,18.181389000119452,1.5831420000722574,14.724173000104201,1.5230260000862472,16,55.00129830528515
801,17.506973999843467,1.5608849998898222,13.975566999988587,1.6127110000070388,15,57.120093969919715
802,18.171545999848604,1.5795680001247092,14.71179000009215,1.5427969999564084,14,55.03109091589298
803,17.44443699999465,1.5264559999650373,14.056278999987626,1.5166900000167516,15,57.32486522782631
804,17.300652999892918,1.5304969999760942,13.958672999933697,1.4891429998442618,14,57.80128646046999
805,18.08162599991192,1.5179700001226593,14.599453000073481,1.52503300000717,13,55.304760755745704
806,17.642363000049954,1.5836039999612694,14.163786000153777,1.5564129998892895,13,56.681749491106636
807,17.743158000030235,1.7296949999945355,14.082103000191637,1.5652619999855233,12,56.3597528691508
808,17.863456999975824,1.5695829999913258,14.331591999962257,1.5475630000310048,12,55.98020584712989
809,18.145472000014706,1.537058999929286,14.607205000174872,1.6316500000357337,12,55.1101674290528
810,17.47179599988158,1.5951200000472454,13.948599000059403,1.5814779999345774,15,57.235100501790306
811,17.656211999792504,1.5481640000416519,14.15013199994064,1.6273599999294674,13,56.637290037735845
812,17.806613999937326,1.5464780001366307,14.351220999969883,1.5753630000290286,14,56.158908145227365
813,18.844566999860035,1.5613460000167834,15.29863300015677,1.6507600000750244,15,53.06569262150875
814,17.74459900002512,1.5802430000348977,14.30861299991193,1.5146390001063992,17,56.35517601714101
815,17.71881000013309,1.5751410001030308,14.258746999985306,1.5549639999790088,17,56.43719866020849
816,17.748836999999185,1.577762999886545,14.292052999962834,1.5380540000933252,16,56.3417197419778
817,18.48712500009242,1.625564999812923,14.785734000042794,1.651220999974612,16,54.09169895237907
818,18.252262000032715,1.6337119998297567,14.65852299998005,1.6183370000817376,15,54.78772987141033
819,18.353531000002477,1.6179859999283508,14.803387000029034,1.5922150000733382,17,54.48542844425223
820,18.258292999917103,1.5994089999367134,14.628235999907702,1.6661720001138747,15,54.769632626913165
821,18.353796000155853,1.5561060001800797,14.865550999957122,1.5793850000136445,15,54.48464175974868
822,18.0477610001617,1.5803589999450196,14.521425999873827,1.6051970001171867,16,55.40853516350535
823,18.18575700008296,1.6167590001714416,14.705585999990944,1.5191380000487698,15,54.988087655379886
824,18.028938000043127,1.5178549999745883,14.616349999869271,1.537607000045682,15,55.466384098586836
825,18.25730900009148,1.6217219999816734,14.743249000048309,1.52165800000148,15,54.772584502731995
826,18.13076500002353,1.5415940001730633,14.578441000139719,1.568440000028204,17,55.15487074035222
827,17.46574599997075,1.5401580001253024,14.045607000070959,1.5464089999568387,16,57.2549262998371
828,17.931827999973393,1.6032450000693643,14.425350999999864,1.540289000104167,15,55.76676287556872
829,17.7994769999259,1.5334330000769114,14.258253999969384,1.6497430001436442,16,56.181426005054135
830,18.500979000009465,1.5972899998359935,15.007549000074505,1.5495449999889388,16,54.051193723288286
831,18.442196000023614,1.6488520000166318,14.864369999941118,1.576911000029213,17,54.22347750770676
832,18.367206999982955,1.5894819998720777,14.797394000197528,1.6444759999103553,16,54.4448592538282
833,18.07952000012847,1.6076960000646068,14.522151999926791,1.530504999891491,16,55.31120295189774
834,18.272988000035184,1.6607490001661063,14.701231000117332,1.5661469999486144,16,54.72558729847984
835,18.221408000044903,1.8061400000988215,14.51227999996263,1.5183819998583203,15,54.880501001763186
836,18.194864999941274,1.5968560001056176,14.633672000172737,1.6182740000658669,15,54.960561675133484
837,18.850836999945386,1.6235359998972854,15.152257999943686,1.693023000143512,16,53.04804237620309
838,17.95919899996079,1.5575019999687356,14.4551800001409,1.579626000193457,15,55.68177066261047
839,18.540219999977126,1.6183760001240444,14.927214999943317,1.6552370000226801,16,53.93679255161124
840,18.312480000076903,1.583924999977171,14.758601000039562,1.5939709999202023,16,54.60756817185878
841,18.346011999938128,1.6464049999740382,14.641904999962208,1.6491469998527464,15,54.50775896164095
842,18.34944999995969,1.6207339999709802,14.71708399981253,1.6695599999820843,15,54.49754624809991
843,18.03718199994364,1.6383050001422816,14.446022000129233,1.6108939998957794,17,55.441032862180165
844,18.045553000092696,1.6000229998098803,14.47646699989491,1.6327729999829899,15,55.41531478668807
845,18.203317999905266,1.6325670001151593,14.524871999810784,1.6081159999430383,14,54.93503986499627
846,18.191628000067794,1.5659690000120463,14.769984000167824,1.5219719998640358,15,54.97034130184903
847,18.069642000000385,1.5909999999621505,14.570149000064703,1.565505999906236,14,55.34143952602817
848,19.459429000107775,1.566450999916924,15.925995000088733,1.6294449999350036,14,51.388969326615985
849,17.799972999910096,1.542109999945751,14.257185999895228,1.642230000015843,14,56.179860497824954
850,17.81517199992777,1.5472059999410703,14.392619000091145,1.5263549998962844,14,56.131930693908224
851,17.691446000071664,1.5893959998720675,14.199093999877732,1.56360300002234,14,56.52449211873067
852,18.08137600005466,1.5177170000697515,14.605286000005435,1.595046999909755,15,55.30552542002207
853,17.819361999954708,1.5335900000081892,14.370498999824122,1.5824529998553771,12,56.118731972701475
854,17.916661000072054,1.6384529999413644,14.316001999986838,1.6320070001256681,12,55.813971140938506
855,17.844344999957684,1.5268330000708374,14.371075000099154,1.6171750000921747,14,56.04016286405421
856,17.985957999826496,1.5732300000763644,14.552926000078514,1.5181720000327914,14,55.598928898290914
857,17.9229390000728,1.551560000052632,14.400512999827697,1.5820389999134932,13,55.794420769715174
858,17.645434000087334,1.5057789998991211,14.300446000106604,1.5105239999684272,15,56.671884635710896
859,17.835458000035942,1.5092099999947095,14.50366600010966,1.4867769998545555,14,56.06808639273434
860,18.12445799987472,1.531913999997414,14.755185000012716,1.515871000037805,14,55.17406368824448
861,17.91744800016204,1.539379999940138,14.481239000133428,1.544611999861445,14,55.81151958643643
862,17.819300999917687,1.5237489999435638,14.380314999925758,1.5564430000267748,13,56.118924081512475
863,18.2980449999377,1.6359580001790164,14.764271999865741,1.530853999838655,13,54.65064710483577
864,17.782788999966215,1.6585539999596222,14.233844000045792,1.5576190000956558,11,56.23414864799329
865,18.454977000146755,1.5260539998962486,14.987877000066874,1.6117539998958819,13,54.18592502131257
866,17.787923000014416,1.601651000100901,14.3025630000011,1.5352809998603334,13,56.217918190852835
867,17.65297300016755,1.573562999965361,14.180456000076447,1.5571279998312093,14,56.64768195082544
868,17.95204600011857,1.5396050000617834,14.499780000051032,1.5697250000812346,16,55.703957086194805
869,18.008788999850367,1.6614439998647867,14.369113999919136,1.6428249998625688,16,55.52844225163107
870,17.785931999924287,1.5359149999767396,14.346927000133292,1.5614569999797823,15,56.22421136009386
871,18.26379099998121,1.5146319999530533,14.759550000007948,1.569738000171128,14,54.753145171286114
872,17.791790000046603,1.5894460000254185,14.321194999865838,1.5498679999836895,14,56.20569937018033
873,17.886844000031488,1.5747350000765437,14.407633000018905,1.5458339998986048,15,55.90701187969435
874,18.014867999909256,1.633421999940765,14.447257000028912,1.5381069999875763,14,55.509704539885455
875,18.261895000023287,1.6162680001343688,14.391411000133303,1.8852850000712351,15,54.75882979278573
876,17.71784699985801,1.5734580001662835,14.202942999872903,1.5823339999769814,15,56.44026613436801
877,17.831329000046026,1.5729749998172338,14.321679999966364,1.557765000143263,15,56.08106944790368
878,17.943536000075255,1.5490060000047379,14.476933999958419,1.578979999976582,15,55.7303755511626
879,17.794118999972852,1.5210139999908279,14.20490400005292,1.7026990001340891,14,56.198342834591905
880,18.704426000113017,1.5488290000575944,15.144963000011558,1.6332010000041919,14,53.463281898838154
881,17.911182000034387,1.5787329998602218,14.471546000095259,1.509591000058208,13,55.83104453955524
882,18.577261000018552,1.6289640000195504,14.965851999932056,1.637592999941262,13,53.829248563553115
883,18.601333999868075,1.6443919998891943,14.954306000163342,1.6300839999985328,14,53.75958520002341
884,18.381026000042766,1.5854539999509143,14.82689600015874,1.5819709999504994,13,54.40392717999927
885,18.515492000005906,1.5861749998293817,14.921149999963745,1.6476610001063818,13,54.00882677055954
886,18.612262999795348,1.6268309998395125,15.128663000041342,1.5139740000904567,13,53.72801792081896
887,17.766273999995974,1.5250559999913094,14.283033000083378,1.6094110001176887,13,56.286422240264145
888,18.50942999999461,1.6496030000325845,14.914309999994657,1.5962100001161161,14,54.02651513311276
889,18.064758000036818,1.562513000180843,14.599872000189862,1.5486720001263166,14,55.3564016743519
890,18.265054000039527,1.7076149999866175,14.713542999970741,1.5081190001637879,14,54.749359076509485
891,18.202148000000307,1.5886240000781982,14.708631999837962,1.5342600001986284,14,54.93857098623652
892,18.139310999913505,1.6399720000208617,14.59367100005693,1.5615729998899042,14,55.128885546136146
893,17.71346500004256,1.5065289999256493,14.320494999992661,1.5398339999137534,13,56.454228463916984
894,18.68736500000523,1.847227999860479,14.933155999869996,1.524554000070566,12,53.512092261253535
895,18.371362000152658,1.6036440001698793,14.83916400002272,1.5522439998676418,12,54.4325456104828
896,18.415713999957006,1.6441110001323977,14.820543000041653,1.608061000069938,12,54.3014514670642
897,17.898746999890136,1.6096189999643684,14.276289000008546,1.6404170000896556,12,55.86983267633975
898,17.624043000068923,1.5256819999649451,14.223829999991722,1.5164060000643076,12,56.74066954989211
899,18.159572000058688,1.5882200000305602,14.628504000029352,1.5975060000528174,12,55.067377138446226
900,19.970461999946565,1.5980910000052972,16.39213499993275,1.60958399987976,13,50.07395422312592
901,18.16314500001681,1.6656670002248575,14.459964000025138,1.5882850000252802,13,55.0565444475103
902,17.111110000087137,1.571463999880507,13.711968000052366,1.4907970000876958,13,58.44156223616747
903,17.37062999995942,1.4802270000018325,13.952117999906477,1.596624000058,13,57.5684359175422
904,17.472501999918677,1.4923019998605014,14.110888000004707,1.5372650000244903,13,57.232787840267775
905,17.636763000155042,1.5377199999875302,14.261874999874635,1.5044490000946098,14,56.699746999560475
906,17.341506000093432,1.5378299999611045,13.963395000018863,1.5138200001274527,15,57.665118588582345
907,17.41894500014496,1.6005669999685779,13.974954000104844,1.483116999906997,15,57.40875810743292
908,17.310853000026327,1.5920629998618097,13.841939000030834,1.5033800000310293,15,57.767228454801106
909,17.275056000016775,1.4965630000460806,13.899247000153991,1.534127000013541,13,57.886932464880516
910,17.329788999859375,1.5298509999865928,13.94127200001094,1.5163660000325763,15,57.704107072977905
911,17.567245999998704,1.5350900000612455,14.18717799992919,1.5143890000217652,16,56.92411889718365
912,18.328136999798517,1.6478620000270894,14.691936999952304,1.5849509998133726,15,54.56091909455899
913,17.79824799996277,1.6376469998249377,14.188522000040393,1.6169709999758197,15,56.18530543018009
914,18.02135200000521,1.6170819999388186,14.420054999845888,1.6419069997937186,15,55.48973240185925
915,18.351042999938727,1.5933000001950859,14.849328999844147,1.5411929998663254,15,54.492815476664674
916,18.28682000018489,1.6406709999046143,14.661506000038571,1.6276960000141116,16,54.68419331463259
917,18.83699599989086,1.5690380000705773,15.300355000135824,1.5999259999261994,16,53.087020881981076
918,17.724985000086235,1.591352000104962,14.288652000004731,1.4994860000570043,17,56.417537165483346
919,17.631648999895333,1.6264569999293599,14.154673000120965,1.5142649999688729,16,56.716192569732776
920,17.60735800007751,1.5902229999937845,14.143289000003278,1.5160840000589815,16,56.794437870553764
921,17.49688499990043,1.5483790000416775,14.018980999935593,1.531182999997327,15,57.15303038259043
922,17.521988999988025,1.4990810000199417,14.07635600003232,1.6231459999289655,16,57.07114643210217
923,17.542815000069822,1.6511159999481606,14.01566799995635,1.5316100000291044,15,57.003394266884754
924,18.0492240001513,1.6224389999024424,14.434629999868775,1.6367349999200087,16,55.404043962866076
925,17.869507999876078,1.5879509999194852,14.377147000004697,1.567576999832454,16,55.96124974492498
926,17.698350000046048,1.5461330001471651,14.19498600012048,1.6010560000268015,16,56.50244231792219
927,17.62888500002191,1.6053830001965252,14.020432000052097,1.6492270001435827,16,56.72508499537873
928,22.707842000045275,1.5984990000106336,18.495773000040572,2.2468719998869346,17,44.03765007692083
929,20.12222999996993,2.0360299999993003,16.049198000018805,1.5813269999398472,18,49.69628117765746
930,18.642454999962865,2.08988400004273,14.528375000054439,1.5989770001851866,19,53.641003827124266
931,18.90610700002071,2.065191000156119,14.852845000177695,1.5368320000561653,17,52.89296204654425
932,18.520416000001205,2.027022999982364,14.515413000026456,1.5657640001336404,17,53.99446751087745
933,18.905012000004717,1.5686310000546655,14.461854000046515,2.4696750001567125,17,52.89602566767746
934,19.352952999952322,2.12352100015778,15.24695300008716,1.5584049999688432,18,51.67170095449845
935,19.346172000041406,1.7227939999884256,15.573922999919887,1.6359279998141574,18,51.68981233072154
936,19.452939000075276,2.227277999963917,15.122903000019505,1.6280350000670296,15,51.40611400653292
937,19.895774000133315,2.238993999981176,15.30864799997289,1.8645530001322186,15,50.26192999545026
938,19.925074999946446,2.0936419998633937,15.73029500013945,1.656151000133832,15,50.18801685828976
939,18.489470000076835,1.6535889999431674,14.877050999984931,1.6161989999545767,15,54.08483855923639
940,18.701582999938182,1.7080549998809147,15.033381999955964,1.5835990000141464,16,53.47140934557815
941,23.72768800000813,1.559160000169868,19.217805999915072,2.586226000175884,17,42.14485625399564
